INSERT INTO customers (id, name, email, phone) VALUES (1, 'Alexandre Traore', 'client1@example.com', '0382321819');
INSERT INTO customers (id, name, email, phone) VALUES (2, 'Alexandria Martinez', 'client2@example.com', '+33(0)365389083');
INSERT INTO customers (id, name, email, phone) VALUES (3, 'Paulette Vasseur-Pons', 'client3@example.com', '0140265423');
INSERT INTO customers (id, name, email, phone) VALUES (4, 'Caroline Morin', 'client4@example.com', '0237559407');
INSERT INTO customers (id, name, email, phone) VALUES (5, 'Chantal Hoareau-Chevalier', 'client5@example.com', '0494931034');
INSERT INTO customers (id, name, email, phone) VALUES (6, 'Gabriel Roussel', 'client6@example.com', '0430752553');
INSERT INTO customers (id, name, email, phone) VALUES (7, 'Zacharie-Tristan Guérin', 'client7@example.com', '+33382276483');
INSERT INTO customers (id, name, email, phone) VALUES (8, 'Andrée Rolland', 'client8@example.com', '+33(0)470641395');
INSERT INTO customers (id, name, email, phone) VALUES (9, 'Victor du Delaunay', 'client9@example.com', '0276423884');
INSERT INTO customers (id, name, email, phone) VALUES (10, 'Pénélope-Noémi Étienne', 'client10@example.com', '+33262871012');
INSERT INTO customers (id, name, email, phone) VALUES (11, 'Zacharie Briand', 'client11@example.com', '+33(0)532697848');
INSERT INTO customers (id, name, email, phone) VALUES (12, 'Zacharie Mace', 'client12@example.com', '+33(0)415514627');
INSERT INTO customers (id, name, email, phone) VALUES (13, 'Gilles Charrier', 'client13@example.com', '+33244489325');
INSERT INTO customers (id, name, email, phone) VALUES (14, 'Richard Merle', 'client14@example.com', '+33(0)474701543');
INSERT INTO customers (id, name, email, phone) VALUES (15, 'Georges Duhamel', 'client15@example.com', '+33(0)231718227');
INSERT INTO customers (id, name, email, phone) VALUES (16, 'Danielle Aubry-Evrard', 'client16@example.com', '0362834657');
INSERT INTO customers (id, name, email, phone) VALUES (17, 'Stéphanie de Hoarau', 'client17@example.com', '+33183509839');
INSERT INTO customers (id, name, email, phone) VALUES (18, 'Adrien Guérin-Neveu', 'client18@example.com', '+33(0)371105183');
INSERT INTO customers (id, name, email, phone) VALUES (19, 'Xavier-Patrick Benoit', 'client19@example.com', '+33663763116');
INSERT INTO customers (id, name, email, phone) VALUES (20, 'Pauline Bouchet', 'client20@example.com', '0178106513');
INSERT INTO customers (id, name, email, phone) VALUES (21, 'Étienne du Joly', 'client21@example.com', '0329473178');
INSERT INTO customers (id, name, email, phone) VALUES (22, 'André Gilles', 'client22@example.com', '+33(0)235326773');
INSERT INTO customers (id, name, email, phone) VALUES (23, 'Anne Gaillard', 'client23@example.com', '0134647468');
INSERT INTO customers (id, name, email, phone) VALUES (24, 'Colette Aubert', 'client24@example.com', '0365098050');
INSERT INTO customers (id, name, email, phone) VALUES (25, 'Stéphane Martel', 'client25@example.com', '+33180812191');
INSERT INTO customers (id, name, email, phone) VALUES (26, 'Luc Mathieu-Colas', 'client26@example.com', '+33170916998');
INSERT INTO customers (id, name, email, phone) VALUES (27, 'Josette Martins', 'client27@example.com', '0379462475');
INSERT INTO customers (id, name, email, phone) VALUES (28, 'Aimé Albert', 'client28@example.com', '+33(0)221838425');
INSERT INTO customers (id, name, email, phone) VALUES (29, 'Gérard Lemaître', 'client29@example.com', '0297784980');
INSERT INTO customers (id, name, email, phone) VALUES (30, 'Lucy Dupré-Duval', 'client30@example.com', '+33413118244');
INSERT INTO customers (id, name, email, phone) VALUES (31, 'Françoise Wagner Le Martins', 'client31@example.com', '0754016400');
INSERT INTO customers (id, name, email, phone) VALUES (32, 'Christelle Diaz', 'client32@example.com', '0299786801');
INSERT INTO customers (id, name, email, phone) VALUES (33, 'Denis Morvan', 'client33@example.com', '+33(0)499982620');
INSERT INTO customers (id, name, email, phone) VALUES (34, 'Jules Fournier Le Lacroix', 'client34@example.com', '+33241586923');
INSERT INTO customers (id, name, email, phone) VALUES (35, 'Emmanuel Pasquier', 'client35@example.com', '+33(0)327563421');
INSERT INTO customers (id, name, email, phone) VALUES (36, 'Alex Lelièvre', 'client36@example.com', '+33356754330');
INSERT INTO customers (id, name, email, phone) VALUES (37, 'Luc Le Lopes', 'client37@example.com', '+33(0)430586850');
INSERT INTO customers (id, name, email, phone) VALUES (38, 'Gilles Colin', 'client38@example.com', '0169196556');
INSERT INTO customers (id, name, email, phone) VALUES (39, 'Dominique Ferreira du Verdier', 'client39@example.com', '+33387060883');
INSERT INTO customers (id, name, email, phone) VALUES (40, 'Philippine Muller', 'client40@example.com', '0469148465');
INSERT INTO customers (id, name, email, phone) VALUES (41, 'Lucie Lenoir', 'client41@example.com', '+33352662994');
INSERT INTO customers (id, name, email, phone) VALUES (42, 'Adélaïde Bailly', 'client42@example.com', '0361699577');
INSERT INTO customers (id, name, email, phone) VALUES (43, 'Frédérique Gros', 'client43@example.com', '0322148951');
INSERT INTO customers (id, name, email, phone) VALUES (44, 'Yves Ruiz-Jean', 'client44@example.com', '+33278003791');
INSERT INTO customers (id, name, email, phone) VALUES (45, 'Patricia Lombard', 'client45@example.com', '+33531763201');
INSERT INTO customers (id, name, email, phone) VALUES (46, 'Geneviève Schmitt', 'client46@example.com', '0176831727');
INSERT INTO customers (id, name, email, phone) VALUES (47, 'Margaud du Raymond', 'client47@example.com', '0602774348');
INSERT INTO customers (id, name, email, phone) VALUES (48, 'Isabelle Paris', 'client48@example.com', '0223434558');
INSERT INTO customers (id, name, email, phone) VALUES (49, 'Daniel Fernandes', 'client49@example.com', '+33531231665');
INSERT INTO customers (id, name, email, phone) VALUES (50, 'Suzanne Legros-Bonnet', 'client50@example.com', '+33562690967');
INSERT INTO customers (id, name, email, phone) VALUES (51, 'Joseph Léger', 'client51@example.com', '0561889373');
INSERT INTO customers (id, name, email, phone) VALUES (52, 'Martin-Patrick Leroy', 'client52@example.com', '0481627298');
INSERT INTO customers (id, name, email, phone) VALUES (53, 'Louis Allain', 'client53@example.com', '+33(0)230627204');
INSERT INTO customers (id, name, email, phone) VALUES (54, 'Marguerite Lecomte', 'client54@example.com', '0476564641');
INSERT INTO customers (id, name, email, phone) VALUES (55, 'Agnès Bouvet', 'client55@example.com', '+33(0)488310033');
INSERT INTO customers (id, name, email, phone) VALUES (56, 'Thierry Brunet', 'client56@example.com', '+33254719374');
INSERT INTO customers (id, name, email, phone) VALUES (57, 'Danielle Seguin', 'client57@example.com', '+33(0)310419049');
INSERT INTO customers (id, name, email, phone) VALUES (58, 'Nicole Auger', 'client58@example.com', '+33222931491');
INSERT INTO customers (id, name, email, phone) VALUES (59, 'Alice-Marie Rossi', 'client59@example.com', '0499185067');
INSERT INTO customers (id, name, email, phone) VALUES (60, 'Martin Étienne', 'client60@example.com', '0290628498');
INSERT INTO customers (id, name, email, phone) VALUES (61, 'Suzanne Nguyen', 'client61@example.com', '0474314737');
INSERT INTO customers (id, name, email, phone) VALUES (62, 'Monique-Maggie Leroy', 'client62@example.com', '0475273545');
INSERT INTO customers (id, name, email, phone) VALUES (63, 'Théophile-Guillaume Berthelot', 'client63@example.com', '+33(0)351136783');
INSERT INTO customers (id, name, email, phone) VALUES (64, 'Victoire Pons', 'client64@example.com', '+33(0)235436349');
INSERT INTO customers (id, name, email, phone) VALUES (65, 'Thérèse Lenoir', 'client65@example.com', '0564855744');
INSERT INTO customers (id, name, email, phone) VALUES (66, 'Gabriel-Charles Mace', 'client66@example.com', '+33470182337');
INSERT INTO customers (id, name, email, phone) VALUES (67, 'Théodore-Rémy Godard', 'client67@example.com', '0240343524');
INSERT INTO customers (id, name, email, phone) VALUES (68, 'René Marchand', 'client68@example.com', '0174084271');
INSERT INTO customers (id, name, email, phone) VALUES (69, 'Sébastien Jacquet', 'client69@example.com', '0695752047');
INSERT INTO customers (id, name, email, phone) VALUES (70, 'Arthur Maréchal', 'client70@example.com', '0221902294');
INSERT INTO customers (id, name, email, phone) VALUES (71, 'Gérard Lemaire', 'client71@example.com', '0369867749');
INSERT INTO customers (id, name, email, phone) VALUES (72, 'Manon Colas', 'client72@example.com', '+33(0)238334123');
INSERT INTO customers (id, name, email, phone) VALUES (73, 'Robert Sanchez', 'client73@example.com', '+33134679740');
INSERT INTO customers (id, name, email, phone) VALUES (74, 'Guy Munoz-Carre', 'client74@example.com', '0219349361');
INSERT INTO customers (id, name, email, phone) VALUES (75, 'Hélène Jourdan-Gérard', 'client75@example.com', '0272102499');
INSERT INTO customers (id, name, email, phone) VALUES (76, 'Matthieu Denis du Lagarde', 'client76@example.com', '0549488771');
INSERT INTO customers (id, name, email, phone) VALUES (77, 'Alice Lesage Le Texier', 'client77@example.com', '0153139904');
INSERT INTO customers (id, name, email, phone) VALUES (78, 'Alice-Diane Lelièvre', 'client78@example.com', '0430296717');
INSERT INTO customers (id, name, email, phone) VALUES (79, 'Odette Le Roux', 'client79@example.com', '0243256746');
INSERT INTO customers (id, name, email, phone) VALUES (80, 'Alex De Sousa-Blanc', 'client80@example.com', '0386516808');
INSERT INTO customers (id, name, email, phone) VALUES (81, 'Olivie Vincent', 'client81@example.com', '+33494977034');
INSERT INTO customers (id, name, email, phone) VALUES (82, 'Christelle Hervé-Navarro', 'client82@example.com', '0252093248');
INSERT INTO customers (id, name, email, phone) VALUES (83, 'Robert Cordier', 'client83@example.com', '+33(0)369171274');
INSERT INTO customers (id, name, email, phone) VALUES (84, 'Laetitia du Guillet', 'client84@example.com', '0381782639');
INSERT INTO customers (id, name, email, phone) VALUES (85, 'Christiane de Baron', 'client85@example.com', '0483840449');
INSERT INTO customers (id, name, email, phone) VALUES (86, 'Victoire-Clémence Cohen', 'client86@example.com', '0485588675');
INSERT INTO customers (id, name, email, phone) VALUES (87, 'Georges du Rey', 'client87@example.com', '0173576627');
INSERT INTO customers (id, name, email, phone) VALUES (88, 'Christophe Gaudin', 'client88@example.com', '0240718702');
INSERT INTO customers (id, name, email, phone) VALUES (89, 'Colette Sanchez', 'client89@example.com', '0413596158');
INSERT INTO customers (id, name, email, phone) VALUES (90, 'Margaud Toussaint', 'client90@example.com', '0164913431');
INSERT INTO customers (id, name, email, phone) VALUES (91, 'Capucine Samson', 'client91@example.com', '+33(0)596240050');
INSERT INTO customers (id, name, email, phone) VALUES (92, 'Joseph Besson du Rodrigues', 'client92@example.com', '+33556922219');
INSERT INTO customers (id, name, email, phone) VALUES (93, 'Isabelle Mahe', 'client93@example.com', '+33372747407');
INSERT INTO customers (id, name, email, phone) VALUES (94, 'Yves Morvan de la Legrand', 'client94@example.com', '0485946474');
INSERT INTO customers (id, name, email, phone) VALUES (95, 'Léon du Gautier', 'client95@example.com', '+33524959440');
INSERT INTO customers (id, name, email, phone) VALUES (96, 'Laure Petit', 'client96@example.com', '+33(0)794395339');
INSERT INTO customers (id, name, email, phone) VALUES (97, 'Yves-Vincent Bazin', 'client97@example.com', '+33237047095');
INSERT INTO customers (id, name, email, phone) VALUES (98, 'Benjamin Collet', 'client98@example.com', '0558232858');
INSERT INTO customers (id, name, email, phone) VALUES (99, 'Laetitia de la Boucher', 'client99@example.com', '0450517123');
INSERT INTO customers (id, name, email, phone) VALUES (100, 'Mathilde Robin', 'client100@example.com', '0144481754');
INSERT INTO products (id, name, description, price, stock) VALUES (1, 'Produit 1', 'Figure pas faute plonger intérieur ouvrir très environ ombre paysan partie inquiéter précis pencher capable après.', 321.52, 12);
INSERT INTO products (id, name, description, price, stock) VALUES (2, 'Produit 2', 'Emmener larme blanc souvenir chair ignorer plan.', 372.07, 125);
INSERT INTO products (id, name, description, price, stock) VALUES (3, 'Produit 3', 'Genre quel choisir garder blond jusque froid un ancien fatigue heureux tuer siège boire pont.', 115.49, 377);
INSERT INTO products (id, name, description, price, stock) VALUES (4, 'Produit 4', 'Tâche pauvre atteindre double vert trouver saisir beaux crise passage vide arracher espace voisin reprendre.', 55.74, 379);
INSERT INTO products (id, name, description, price, stock) VALUES (5, 'Produit 5', 'Aussitôt réel coûter cuisine solitude envoyer chef système absence signifier.', 446.63, 44);
INSERT INTO products (id, name, description, price, stock) VALUES (6, 'Produit 6', 'Voile matin retourner bureau soirée certes existence réserver noire.', 297.29, 16);
INSERT INTO products (id, name, description, price, stock) VALUES (7, 'Produit 7', 'Compagnon arrivée que mal queue jambe rencontre.', 19.75, 111);
INSERT INTO products (id, name, description, price, stock) VALUES (8, 'Produit 8', 'Note humide danser ou propos tel peser élever paupière amuser vue séparer grain bruit prêter.', 120.17, 308);
INSERT INTO products (id, name, description, price, stock) VALUES (9, 'Produit 9', 'Autrefois avoir oh aujourd''hui dos partager mener entrer vous manger ignorer oeil blond.', 18.14, 101);
INSERT INTO products (id, name, description, price, stock) VALUES (10, 'Produit 10', 'Seulement pendre règle prochain cruel humide découvrir et.', 359.43, 359);
INSERT INTO products (id, name, description, price, stock) VALUES (11, 'Produit 11', 'Fort protéger énergie énergie devant unique porte inventer beauté bas guère quelqu''un fauteuil certain.', 274.75, 112);
INSERT INTO products (id, name, description, price, stock) VALUES (12, 'Produit 12', 'Ni mode épais causer étudier pierre raconter soldat.', 227.36, 142);
INSERT INTO products (id, name, description, price, stock) VALUES (13, 'Produit 13', 'Vert obéir étroit musique croire personne de.', 405.67, 3);
INSERT INTO products (id, name, description, price, stock) VALUES (14, 'Produit 14', 'Étranger militaire calmer doute début grave miser refuser.', 380.61, 81);
INSERT INTO products (id, name, description, price, stock) VALUES (15, 'Produit 15', 'Oreille patron aller tourner satisfaire distance condition premier en établir accepter solitude moment fou chanter partager.', 350.58, 174);
INSERT INTO products (id, name, description, price, stock) VALUES (16, 'Produit 16', 'Beaux manger fer ignorer ciel endroit entrée.', 142.55, 110);
INSERT INTO products (id, name, description, price, stock) VALUES (17, 'Produit 17', 'Nouveau sourd chose rapidement armer avouer heure goutte officier garde cuisine lorsque étendue ça poche.', 478.82, 172);
INSERT INTO products (id, name, description, price, stock) VALUES (18, 'Produit 18', 'Journal placer après force nul accord élever cri chaleur devant environ accord quinze complètement fidèle prendre.', 55.59, 194);
INSERT INTO products (id, name, description, price, stock) VALUES (19, 'Produit 19', 'Mince plaindre événement forme que haine importer avec enfance grave franchir passé eaux françois.', 52.87, 433);
INSERT INTO products (id, name, description, price, stock) VALUES (20, 'Produit 20', 'Comment trou importer position exprimer haïr bras habitude fou avec sombre queue.', 175.26, 135);
INSERT INTO products (id, name, description, price, stock) VALUES (21, 'Produit 21', 'Escalier commander long calme long tantôt étranger propos route rond.', 404.53, 373);
INSERT INTO products (id, name, description, price, stock) VALUES (22, 'Produit 22', 'Bord devenir compagnie chien réalité avancer type parent inquiéter moins.', 232.42, 63);
INSERT INTO products (id, name, description, price, stock) VALUES (23, 'Produit 23', 'Hors tomber mois partie par soi parcourir cheval aussi hésiter éloigner dormir asseoir livre encore humide.', 486.69, 193);
INSERT INTO products (id, name, description, price, stock) VALUES (24, 'Produit 24', 'Falloir dur pauvre ville beaucoup notre fin nature.', 44.01, 150);
INSERT INTO products (id, name, description, price, stock) VALUES (25, 'Produit 25', 'Hôtel risquer pénétrer entier jamais cheval attention.', 415.56, 316);
INSERT INTO products (id, name, description, price, stock) VALUES (26, 'Produit 26', 'Roche secours visite barbe pays apparence présent voix.', 443.3, 185);
INSERT INTO products (id, name, description, price, stock) VALUES (27, 'Produit 27', 'Maintenant cinquante faux droit front est nuage résistance paysan aujourd''hui bien poche droite profondément personnage.', 290.79, 360);
INSERT INTO products (id, name, description, price, stock) VALUES (28, 'Produit 28', 'Son espace ne chant étranger verser précéder folie nourrir transformer en ferme respecter rôle plaisir santé.', 39.43, 338);
INSERT INTO products (id, name, description, price, stock) VALUES (29, 'Produit 29', 'Bête plan loi agent en type état réflexion contraire yeux choix écrire réserver livrer matin.', 117.81, 148);
INSERT INTO products (id, name, description, price, stock) VALUES (30, 'Produit 30', 'Apercevoir essayer réflexion certainement ferme clef sauver rejoindre rire colon hasard fumée plus demeurer hier.', 492.68, 437);
INSERT INTO products (id, name, description, price, stock) VALUES (31, 'Produit 31', 'Ramener répéter delà dent verre répondre taire conversation poche montrer hauteur.', 120.23, 51);
INSERT INTO products (id, name, description, price, stock) VALUES (32, 'Produit 32', 'Rencontre lier genre classe couler odeur son arrivée jeune fatiguer tracer.', 193.16, 232);
INSERT INTO products (id, name, description, price, stock) VALUES (33, 'Produit 33', 'Seuil droite recueillir donc tant chef hasard tromper d''autres humain étranger aller arriver libre demain.', 319.66, 186);
INSERT INTO products (id, name, description, price, stock) VALUES (34, 'Produit 34', 'Fenêtre âme tout secret pendant respect chambre dur.', 85.51, 181);
INSERT INTO products (id, name, description, price, stock) VALUES (35, 'Produit 35', 'Pousser champ près horizon accent avenir devenir se mensonge propos malade ça durer élever.', 108.71, 136);
INSERT INTO products (id, name, description, price, stock) VALUES (36, 'Produit 36', 'Demi passage papa attirer seconde lever mari.', 352.4, 349);
INSERT INTO products (id, name, description, price, stock) VALUES (37, 'Produit 37', 'Lui depuis charge grave oser dépasser général pied bas vieux auquel mal livre voir mien flot.', 325.78, 311);
INSERT INTO products (id, name, description, price, stock) VALUES (38, 'Produit 38', 'Apprendre finir faux quinze exiger auquel déposer personne bouche naturellement rare cesser étude est.', 319.31, 273);
INSERT INTO products (id, name, description, price, stock) VALUES (39, 'Produit 39', 'Sauvage politique visage je confier chaîne prière trésor annoncer.', 365.92, 83);
INSERT INTO products (id, name, description, price, stock) VALUES (40, 'Produit 40', 'Approcher couler appeler trace lui voisin meilleur détruire rapide continuer.', 233.82, 138);
INSERT INTO products (id, name, description, price, stock) VALUES (41, 'Produit 41', 'Six argent permettre donner retrouver haïr fortune haut vague et considérer poste.', 494.81, 327);
INSERT INTO products (id, name, description, price, stock) VALUES (42, 'Produit 42', 'Tomber lutter rêve prononcer avenir observer saint même entendre avis peu employer.', 345.64, 112);
INSERT INTO products (id, name, description, price, stock) VALUES (43, 'Produit 43', 'Printemps combat heureux honneur prononcer temps oser habiter passage respecter assez planche frapper loup raconter circonstance.', 343.88, 431);
INSERT INTO products (id, name, description, price, stock) VALUES (44, 'Produit 44', 'Chaque offrir renverser angoisse auquel rencontrer faim.', 385.32, 28);
INSERT INTO products (id, name, description, price, stock) VALUES (45, 'Produit 45', 'Tu ancien chiffre hôtel fatiguer hier avant chambre faire enfermer doute veiller ajouter.', 118.38, 16);
INSERT INTO products (id, name, description, price, stock) VALUES (46, 'Produit 46', 'Leur finir mode dimanche difficile homme voyager drôle terrain.', 403.5, 205);
INSERT INTO products (id, name, description, price, stock) VALUES (47, 'Produit 47', 'Couleur chair autrement commun preuve vrai robe verser voilà plaindre presque mer écarter eh.', 137.53, 108);
INSERT INTO products (id, name, description, price, stock) VALUES (48, 'Produit 48', 'Prétendre toucher pas reste loi cause coup chance résoudre.', 457.0, 290);
INSERT INTO products (id, name, description, price, stock) VALUES (49, 'Produit 49', 'Exposer mort instinct vite certain sourire aujourd''hui.', 438.8, 161);
INSERT INTO products (id, name, description, price, stock) VALUES (50, 'Produit 50', 'Yeux prison maître règle saint autrefois vie patron hôtel poids étendre soudain renoncer.', 110.25, 255);
INSERT INTO products (id, name, description, price, stock) VALUES (51, 'Produit 51', 'Confier vers guerre tempête aspect ceci chien colère entourer presque éternel traverser supérieur sentiment dessiner partie.', 200.84, 468);
INSERT INTO products (id, name, description, price, stock) VALUES (52, 'Produit 52', 'Dormir par oser bête passer non nature comment paquet tâche essuyer tombe appel société avoir.', 323.21, 73);
INSERT INTO products (id, name, description, price, stock) VALUES (53, 'Produit 53', 'Discours cri mort ouvert amour spectacle même passion elle dès rien frapper ignorer portier cinq.', 136.12, 126);
INSERT INTO products (id, name, description, price, stock) VALUES (54, 'Produit 54', 'Joli courir oeuvre énergie prison puissance simplement vieux certainement fatigue mode ensemble installer.', 373.77, 275);
INSERT INTO products (id, name, description, price, stock) VALUES (55, 'Produit 55', 'Hôtel changer arracher troisième soi genou vent tache roman tracer produire.', 135.06, 299);
INSERT INTO products (id, name, description, price, stock) VALUES (56, 'Produit 56', 'Recueillir leur lueur leur en ailleurs trois lire vers cruel.', 217.07, 298);
INSERT INTO products (id, name, description, price, stock) VALUES (57, 'Produit 57', 'Armée drame nu semblable plein drôle accord bruit cesser discours faible français.', 202.7, 112);
INSERT INTO products (id, name, description, price, stock) VALUES (58, 'Produit 58', 'Fou montrer corde mettre autrefois ligne réduire.', 498.68, 70);
INSERT INTO products (id, name, description, price, stock) VALUES (59, 'Produit 59', 'Salle papier oncle cercle blanc faux voilà million faible charger observer.', 257.22, 46);
INSERT INTO products (id, name, description, price, stock) VALUES (60, 'Produit 60', 'Lèvre après chaleur escalier inutile immense oeuvre lui environ ordre clef voix quart.', 379.11, 440);
INSERT INTO products (id, name, description, price, stock) VALUES (61, 'Produit 61', 'Notre livre long juste moi inviter âgé éprouver bureau gauche emporter.', 59.28, 321);
INSERT INTO products (id, name, description, price, stock) VALUES (62, 'Produit 62', 'Aller inventer vers repas remonter musique produire nerveux commencer parfaitement page sein chemin point an troubler.', 84.19, 348);
INSERT INTO products (id, name, description, price, stock) VALUES (63, 'Produit 63', 'Contenter hauteur genre gagner courir libre oncle intérieur.', 213.97, 32);
INSERT INTO products (id, name, description, price, stock) VALUES (64, 'Produit 64', 'Près lutte miser vue je ferme vague importer.', 195.46, 305);
INSERT INTO products (id, name, description, price, stock) VALUES (65, 'Produit 65', 'Etc événement relation prochain paupière pourquoi ombre contre désert million de vieil effort eau couvrir.', 498.08, 270);
INSERT INTO products (id, name, description, price, stock) VALUES (66, 'Produit 66', 'Enlever étrange tracer résultat donner causer plusieurs fidèle violent rouler usage revoir écarter durant.', 129.45, 283);
INSERT INTO products (id, name, description, price, stock) VALUES (67, 'Produit 67', 'Étoile hésiter devenir jeter cour masse trace pousser.', 431.09, 5);
INSERT INTO products (id, name, description, price, stock) VALUES (68, 'Produit 68', 'Brusquement que dent arrêter tant debout dehors bois épaule.', 341.74, 58);
INSERT INTO products (id, name, description, price, stock) VALUES (69, 'Produit 69', 'Bois rejeter accent mer tourner frère traîner souffler jaune couler véritable entendre pays te.', 342.45, 274);
INSERT INTO products (id, name, description, price, stock) VALUES (70, 'Produit 70', 'Pensée dehors quarante servir annoncer toi général secours.', 376.68, 393);
INSERT INTO products (id, name, description, price, stock) VALUES (71, 'Produit 71', 'Vrai forme lendemain traiter venir ton sortir.', 322.28, 57);
INSERT INTO products (id, name, description, price, stock) VALUES (72, 'Produit 72', 'Égal obtenir tour espérer il passer mais.', 150.28, 80);
INSERT INTO products (id, name, description, price, stock) VALUES (73, 'Produit 73', 'Seuil intelligence contre cacher clef importance devoir consentir qualité.', 229.59, 488);
INSERT INTO products (id, name, description, price, stock) VALUES (74, 'Produit 74', 'Monsieur rassurer complètement sien sûr sang lui bas plaire conscience changer.', 362.44, 368);
INSERT INTO products (id, name, description, price, stock) VALUES (75, 'Produit 75', 'Trait accompagner fille honneur disposer épais ne mot dimanche expérience demande plaindre.', 135.38, 256);
INSERT INTO products (id, name, description, price, stock) VALUES (76, 'Produit 76', 'Employer françois lien supérieur prendre endormir car terrain écraser oser danger cesser chien quitter.', 382.17, 259);
INSERT INTO products (id, name, description, price, stock) VALUES (77, 'Produit 77', 'Faveur premier tendre rassurer réveiller saluer recommencer poids nouveau représenter maître maladie expression terreur cacher santé.', 456.75, 445);
INSERT INTO products (id, name, description, price, stock) VALUES (78, 'Produit 78', 'Cour mariage colère siècle herbe poids principe juger surtout hiver aspect certes gauche moins.', 314.52, 430);
INSERT INTO products (id, name, description, price, stock) VALUES (79, 'Produit 79', 'Impression rideau profond forcer rose queue naissance après étendre au vouloir train aussitôt tracer an.', 321.28, 311);
INSERT INTO products (id, name, description, price, stock) VALUES (80, 'Produit 80', 'Condition chaîne passer protéger véritable femme suffire horizon terre fermer avis véritable songer.', 103.46, 191);
INSERT INTO products (id, name, description, price, stock) VALUES (81, 'Produit 81', 'Perdre étouffer compter marier malgré proposer d''autres absolu ailleurs.', 382.44, 276);
INSERT INTO products (id, name, description, price, stock) VALUES (82, 'Produit 82', 'Inconnu prix gouvernement feuille décrire imposer choix consulter sonner réfléchir ancien.', 476.98, 472);
INSERT INTO products (id, name, description, price, stock) VALUES (83, 'Produit 83', 'Ou trait spectacle dépasser auquel notre homme plante sommet derrière approcher haut matin.', 267.53, 0);
INSERT INTO products (id, name, description, price, stock) VALUES (84, 'Produit 84', 'Changement votre delà terrain muet musique relever rouler.', 301.48, 250);
INSERT INTO products (id, name, description, price, stock) VALUES (85, 'Produit 85', 'Elle charge petit danser élément attendre troubler souffrir temps parce que.', 14.64, 475);
INSERT INTO products (id, name, description, price, stock) VALUES (86, 'Produit 86', 'Milieu arbre étendre paupière figure mais poussière froid eh connaissance marquer déposer debout.', 184.68, 425);
INSERT INTO products (id, name, description, price, stock) VALUES (87, 'Produit 87', 'Riche terme moi verser mille chacun dernier courant paysage.', 404.35, 122);
INSERT INTO products (id, name, description, price, stock) VALUES (88, 'Produit 88', 'Séparer besoin projet contenter distinguer plein obtenir son consulter recommencer profondément mine jeter solitude.', 33.67, 449);
INSERT INTO products (id, name, description, price, stock) VALUES (89, 'Produit 89', 'Embrasser tel crier content que qui rapidement tenter pousser prendre forêt dent.', 285.84, 40);
INSERT INTO products (id, name, description, price, stock) VALUES (90, 'Produit 90', 'Remettre fier marche expérience dimanche lorsque lettre blond visible intéresser secrétaire tenter.', 47.4, 248);
INSERT INTO products (id, name, description, price, stock) VALUES (91, 'Produit 91', 'Enfance après soi que afin de mettre nerveux problème écraser côte défaut montrer.', 408.93, 500);
INSERT INTO products (id, name, description, price, stock) VALUES (92, 'Produit 92', 'Leur père politique devoir sac vers passion justice commander résultat.', 381.5, 392);
INSERT INTO products (id, name, description, price, stock) VALUES (93, 'Produit 93', 'Changement mémoire connaître subir voiture vaincre mais secret autrement.', 67.25, 337);
INSERT INTO products (id, name, description, price, stock) VALUES (94, 'Produit 94', 'Réduire fusil semaine dégager présent accrocher lisser.', 240.26, 281);
INSERT INTO products (id, name, description, price, stock) VALUES (95, 'Produit 95', 'Atteindre pas tracer tendre peser affirmer marchand fumer âgé professeur mari dur.', 86.74, 270);
INSERT INTO products (id, name, description, price, stock) VALUES (96, 'Produit 96', 'Rôle pleurer riche témoin briser billet chemise contraire mal rond disposer forme faux frapper.', 436.85, 216);
INSERT INTO products (id, name, description, price, stock) VALUES (97, 'Produit 97', 'Dernier pouvoir eh sans avis vol pendant an françois fermer jamais partout premier baisser sentier.', 482.36, 475);
INSERT INTO products (id, name, description, price, stock) VALUES (98, 'Produit 98', 'Moment signifier bientôt maladie apporter crier soldat souvenir jamais arbre autrement ton.', 271.95, 373);
INSERT INTO products (id, name, description, price, stock) VALUES (99, 'Produit 99', 'Moindre anglais tour enfermer vendre noir ramener prêter fort avant clef dépasser se flamme supposer.', 346.48, 365);
INSERT INTO products (id, name, description, price, stock) VALUES (100, 'Produit 100', 'Fils quartier résoudre poser avec question éternel blanc dehors avant odeur oreille.', 159.3, 343);
INSERT INTO orders (id, customer_id, order_date, status) VALUES (1, 84, '2026-01-04', 'delivered');
INSERT INTO orders (id, customer_id, order_date, status) VALUES (2, 67, '2025-12-15', 'pending');
INSERT INTO orders (id, customer_id, order_date, status) VALUES (3, 32, '2026-02-11', 'pending');
INSERT INTO orders (id, customer_id, order_date, status) VALUES (4, 44, '2026-04-04', 'cancelled');
INSERT INTO orders (id, customer_id, order_date, status) VALUES (5, 71, '2026-02-10', 'cancelled');
INSERT INTO orders (id, customer_id, order_date, status) VALUES (6, 29, '2026-04-08', 'pending');
INSERT INTO orders (id, customer_id, order_date, status) VALUES (7, 91, '2025-10-30', 'pending');
INSERT INTO orders (id, customer_id, order_date, status) VALUES (8, 30, '2026-03-23', 'pending');
INSERT INTO orders (id, customer_id, order_date, status) VALUES (9, 43, '2026-03-22', 'cancelled');
INSERT INTO orders (id, customer_id, order_date, status) VALUES (10, 31, '2026-01-28', 'delivered');
INSERT INTO orders (id, customer_id, order_date, status) VALUES (11, 28, '2025-11-22', 'processing');
INSERT INTO orders (id, customer_id, order_date, status) VALUES (12, 93, '2025-11-14', 'cancelled');
INSERT INTO orders (id, customer_id, order_date, status) VALUES (13, 61, '2026-02-06', 'delivered');
INSERT INTO orders (id, customer_id, order_date, status) VALUES (14, 53, '2026-02-20', 'pending');
INSERT INTO orders (id, customer_id, order_date, status) VALUES (15, 13, '2025-10-23', 'delivered');
INSERT INTO orders (id, customer_id, order_date, status) VALUES (16, 46, '2025-12-22', 'delivered');
INSERT INTO orders (id, customer_id, order_date, status) VALUES (17, 60, '2026-03-27', 'pending');
INSERT INTO orders (id, customer_id, order_date, status) VALUES (18, 8, '2025-12-27', 'shipped');
INSERT INTO orders (id, customer_id, order_date, status) VALUES (19, 14, '2026-02-05', 'processing');
INSERT INTO orders (id, customer_id, order_date, status) VALUES (20, 25, '2025-11-23', 'delivered');
INSERT INTO orders (id, customer_id, order_date, status) VALUES (21, 18, '2025-12-22', 'processing');
INSERT INTO orders (id, customer_id, order_date, status) VALUES (22, 36, '2025-12-12', 'processing');
INSERT INTO orders (id, customer_id, order_date, status) VALUES (23, 10, '2025-12-17', 'cancelled');
INSERT INTO orders (id, customer_id, order_date, status) VALUES (24, 13, '2026-03-28', 'cancelled');
INSERT INTO orders (id, customer_id, order_date, status) VALUES (25, 2, '2026-03-17', 'processing');
INSERT INTO orders (id, customer_id, order_date, status) VALUES (26, 22, '2025-12-26', 'delivered');
INSERT INTO orders (id, customer_id, order_date, status) VALUES (27, 62, '2026-02-14', 'delivered');
INSERT INTO orders (id, customer_id, order_date, status) VALUES (28, 8, '2026-02-26', 'delivered');
INSERT INTO orders (id, customer_id, order_date, status) VALUES (29, 1, '2025-12-31', 'shipped');
INSERT INTO orders (id, customer_id, order_date, status) VALUES (30, 59, '2026-01-26', 'delivered');
INSERT INTO orders (id, customer_id, order_date, status) VALUES (31, 90, '2025-11-18', 'delivered');
INSERT INTO orders (id, customer_id, order_date, status) VALUES (32, 20, '2026-02-20', 'shipped');
INSERT INTO orders (id, customer_id, order_date, status) VALUES (33, 28, '2026-03-26', 'cancelled');
INSERT INTO orders (id, customer_id, order_date, status) VALUES (34, 95, '2025-11-22', 'pending');
INSERT INTO orders (id, customer_id, order_date, status) VALUES (35, 96, '2026-01-19', 'pending');
INSERT INTO orders (id, customer_id, order_date, status) VALUES (36, 7, '2025-11-11', 'delivered');
INSERT INTO orders (id, customer_id, order_date, status) VALUES (37, 65, '2025-11-25', 'processing');
INSERT INTO orders (id, customer_id, order_date, status) VALUES (38, 8, '2025-11-30', 'pending');
INSERT INTO orders (id, customer_id, order_date, status) VALUES (39, 24, '2026-03-23', 'cancelled');
INSERT INTO orders (id, customer_id, order_date, status) VALUES (40, 9, '2025-10-19', 'processing');
INSERT INTO orders (id, customer_id, order_date, status) VALUES (41, 52, '2026-03-10', 'cancelled');
INSERT INTO orders (id, customer_id, order_date, status) VALUES (42, 32, '2025-11-12', 'cancelled');
INSERT INTO orders (id, customer_id, order_date, status) VALUES (43, 6, '2025-11-02', 'pending');
INSERT INTO orders (id, customer_id, order_date, status) VALUES (44, 54, '2025-10-23', 'cancelled');
INSERT INTO orders (id, customer_id, order_date, status) VALUES (45, 73, '2025-11-27', 'shipped');
INSERT INTO orders (id, customer_id, order_date, status) VALUES (46, 34, '2026-02-16', 'shipped');
INSERT INTO orders (id, customer_id, order_date, status) VALUES (47, 31, '2026-02-01', 'delivered');
INSERT INTO orders (id, customer_id, order_date, status) VALUES (48, 17, '2025-10-20', 'shipped');
INSERT INTO orders (id, customer_id, order_date, status) VALUES (49, 59, '2026-01-19', 'pending');
INSERT INTO orders (id, customer_id, order_date, status) VALUES (50, 2, '2025-12-13', 'cancelled');
INSERT INTO orders (id, customer_id, order_date, status) VALUES (51, 73, '2026-03-15', 'pending');
INSERT INTO orders (id, customer_id, order_date, status) VALUES (52, 69, '2026-02-14', 'cancelled');
INSERT INTO orders (id, customer_id, order_date, status) VALUES (53, 34, '2026-03-07', 'shipped');
INSERT INTO orders (id, customer_id, order_date, status) VALUES (54, 9, '2026-02-06', 'shipped');
INSERT INTO orders (id, customer_id, order_date, status) VALUES (55, 37, '2026-02-28', 'delivered');
INSERT INTO orders (id, customer_id, order_date, status) VALUES (56, 70, '2025-10-11', 'shipped');
INSERT INTO orders (id, customer_id, order_date, status) VALUES (57, 79, '2025-10-24', 'cancelled');
INSERT INTO orders (id, customer_id, order_date, status) VALUES (58, 2, '2025-10-21', 'cancelled');
INSERT INTO orders (id, customer_id, order_date, status) VALUES (59, 39, '2025-10-22', 'pending');
INSERT INTO orders (id, customer_id, order_date, status) VALUES (60, 18, '2026-02-01', 'pending');
INSERT INTO orders (id, customer_id, order_date, status) VALUES (61, 14, '2025-11-19', 'processing');
INSERT INTO orders (id, customer_id, order_date, status) VALUES (62, 35, '2026-01-27', 'cancelled');
INSERT INTO orders (id, customer_id, order_date, status) VALUES (63, 27, '2026-01-12', 'processing');
INSERT INTO orders (id, customer_id, order_date, status) VALUES (64, 88, '2025-10-29', 'shipped');
INSERT INTO orders (id, customer_id, order_date, status) VALUES (65, 65, '2025-12-05', 'shipped');
INSERT INTO orders (id, customer_id, order_date, status) VALUES (66, 7, '2026-03-17', 'delivered');
INSERT INTO orders (id, customer_id, order_date, status) VALUES (67, 36, '2026-03-29', 'pending');
INSERT INTO orders (id, customer_id, order_date, status) VALUES (68, 43, '2026-03-07', 'shipped');
INSERT INTO orders (id, customer_id, order_date, status) VALUES (69, 21, '2025-12-17', 'cancelled');
INSERT INTO orders (id, customer_id, order_date, status) VALUES (70, 91, '2025-12-21', 'cancelled');
INSERT INTO orders (id, customer_id, order_date, status) VALUES (71, 2, '2026-03-12', 'pending');
INSERT INTO orders (id, customer_id, order_date, status) VALUES (72, 89, '2026-03-02', 'cancelled');
INSERT INTO orders (id, customer_id, order_date, status) VALUES (73, 5, '2026-01-05', 'cancelled');
INSERT INTO orders (id, customer_id, order_date, status) VALUES (74, 71, '2026-03-03', 'delivered');
INSERT INTO orders (id, customer_id, order_date, status) VALUES (75, 17, '2026-03-30', 'shipped');
INSERT INTO orders (id, customer_id, order_date, status) VALUES (76, 47, '2026-03-30', 'shipped');
INSERT INTO orders (id, customer_id, order_date, status) VALUES (77, 27, '2025-10-17', 'processing');
INSERT INTO orders (id, customer_id, order_date, status) VALUES (78, 86, '2026-03-14', 'shipped');
INSERT INTO orders (id, customer_id, order_date, status) VALUES (79, 100, '2025-11-17', 'delivered');
INSERT INTO orders (id, customer_id, order_date, status) VALUES (80, 80, '2026-03-01', 'processing');
INSERT INTO orders (id, customer_id, order_date, status) VALUES (81, 21, '2026-02-23', 'delivered');
INSERT INTO orders (id, customer_id, order_date, status) VALUES (82, 4, '2026-02-23', 'shipped');
INSERT INTO orders (id, customer_id, order_date, status) VALUES (83, 53, '2025-10-20', 'processing');
INSERT INTO orders (id, customer_id, order_date, status) VALUES (84, 35, '2026-02-28', 'pending');
INSERT INTO orders (id, customer_id, order_date, status) VALUES (85, 49, '2026-03-31', 'delivered');
INSERT INTO orders (id, customer_id, order_date, status) VALUES (86, 29, '2026-02-17', 'delivered');
INSERT INTO orders (id, customer_id, order_date, status) VALUES (87, 45, '2026-01-21', 'processing');
INSERT INTO orders (id, customer_id, order_date, status) VALUES (88, 29, '2026-04-03', 'processing');
INSERT INTO orders (id, customer_id, order_date, status) VALUES (89, 52, '2026-01-15', 'shipped');
INSERT INTO orders (id, customer_id, order_date, status) VALUES (90, 9, '2026-01-28', 'shipped');
INSERT INTO orders (id, customer_id, order_date, status) VALUES (91, 83, '2025-11-30', 'delivered');
INSERT INTO orders (id, customer_id, order_date, status) VALUES (92, 87, '2025-11-23', 'shipped');
INSERT INTO orders (id, customer_id, order_date, status) VALUES (93, 4, '2026-03-11', 'shipped');
INSERT INTO orders (id, customer_id, order_date, status) VALUES (94, 23, '2025-11-12', 'shipped');
INSERT INTO orders (id, customer_id, order_date, status) VALUES (95, 5, '2026-03-13', 'cancelled');
INSERT INTO orders (id, customer_id, order_date, status) VALUES (96, 56, '2026-01-11', 'shipped');
INSERT INTO orders (id, customer_id, order_date, status) VALUES (97, 56, '2025-11-05', 'cancelled');
INSERT INTO orders (id, customer_id, order_date, status) VALUES (98, 15, '2026-01-01', 'cancelled');
INSERT INTO orders (id, customer_id, order_date, status) VALUES (99, 25, '2026-02-03', 'pending');
INSERT INTO orders (id, customer_id, order_date, status) VALUES (100, 91, '2025-12-19', 'pending');
INSERT INTO orders (id, customer_id, order_date, status) VALUES (101, 67, '2025-11-23', 'processing');
INSERT INTO orders (id, customer_id, order_date, status) VALUES (102, 47, '2025-12-20', 'pending');
INSERT INTO orders (id, customer_id, order_date, status) VALUES (103, 86, '2026-01-15', 'cancelled');
INSERT INTO orders (id, customer_id, order_date, status) VALUES (104, 41, '2025-10-22', 'pending');
INSERT INTO orders (id, customer_id, order_date, status) VALUES (105, 93, '2026-01-23', 'cancelled');
INSERT INTO orders (id, customer_id, order_date, status) VALUES (106, 40, '2025-10-21', 'delivered');
INSERT INTO orders (id, customer_id, order_date, status) VALUES (107, 42, '2025-12-27', 'shipped');
INSERT INTO orders (id, customer_id, order_date, status) VALUES (108, 71, '2026-03-08', 'processing');
INSERT INTO orders (id, customer_id, order_date, status) VALUES (109, 54, '2025-10-21', 'delivered');
INSERT INTO orders (id, customer_id, order_date, status) VALUES (110, 87, '2026-02-24', 'cancelled');
INSERT INTO orders (id, customer_id, order_date, status) VALUES (111, 73, '2026-01-22', 'delivered');
INSERT INTO orders (id, customer_id, order_date, status) VALUES (112, 71, '2026-04-09', 'shipped');
INSERT INTO orders (id, customer_id, order_date, status) VALUES (113, 37, '2026-02-15', 'delivered');
INSERT INTO orders (id, customer_id, order_date, status) VALUES (114, 75, '2025-11-05', 'shipped');
INSERT INTO orders (id, customer_id, order_date, status) VALUES (115, 60, '2025-12-17', 'delivered');
INSERT INTO orders (id, customer_id, order_date, status) VALUES (116, 87, '2026-02-14', 'cancelled');
INSERT INTO orders (id, customer_id, order_date, status) VALUES (117, 61, '2026-02-25', 'pending');
INSERT INTO orders (id, customer_id, order_date, status) VALUES (118, 37, '2025-11-29', 'cancelled');
INSERT INTO orders (id, customer_id, order_date, status) VALUES (119, 43, '2026-03-17', 'processing');
INSERT INTO orders (id, customer_id, order_date, status) VALUES (120, 87, '2026-01-20', 'processing');
INSERT INTO orders (id, customer_id, order_date, status) VALUES (121, 26, '2026-03-03', 'pending');
INSERT INTO orders (id, customer_id, order_date, status) VALUES (122, 6, '2026-02-06', 'delivered');
INSERT INTO orders (id, customer_id, order_date, status) VALUES (123, 79, '2026-03-22', 'delivered');
INSERT INTO orders (id, customer_id, order_date, status) VALUES (124, 54, '2025-10-30', 'cancelled');
INSERT INTO orders (id, customer_id, order_date, status) VALUES (125, 25, '2025-10-13', 'delivered');
INSERT INTO orders (id, customer_id, order_date, status) VALUES (126, 64, '2025-12-28', 'processing');
INSERT INTO orders (id, customer_id, order_date, status) VALUES (127, 19, '2025-10-24', 'pending');
INSERT INTO orders (id, customer_id, order_date, status) VALUES (128, 97, '2026-03-13', 'delivered');
INSERT INTO orders (id, customer_id, order_date, status) VALUES (129, 29, '2026-02-23', 'cancelled');
INSERT INTO orders (id, customer_id, order_date, status) VALUES (130, 60, '2026-03-28', 'cancelled');
INSERT INTO orders (id, customer_id, order_date, status) VALUES (131, 32, '2026-03-09', 'delivered');
INSERT INTO orders (id, customer_id, order_date, status) VALUES (132, 18, '2025-12-12', 'cancelled');
INSERT INTO orders (id, customer_id, order_date, status) VALUES (133, 72, '2025-11-08', 'shipped');
INSERT INTO orders (id, customer_id, order_date, status) VALUES (134, 97, '2025-12-17', 'cancelled');
INSERT INTO orders (id, customer_id, order_date, status) VALUES (135, 93, '2025-12-01', 'delivered');
INSERT INTO orders (id, customer_id, order_date, status) VALUES (136, 71, '2025-12-16', 'processing');
INSERT INTO orders (id, customer_id, order_date, status) VALUES (137, 96, '2025-12-09', 'delivered');
INSERT INTO orders (id, customer_id, order_date, status) VALUES (138, 34, '2026-02-05', 'shipped');
INSERT INTO orders (id, customer_id, order_date, status) VALUES (139, 99, '2025-11-27', 'delivered');
INSERT INTO orders (id, customer_id, order_date, status) VALUES (140, 81, '2026-02-07', 'shipped');
INSERT INTO orders (id, customer_id, order_date, status) VALUES (141, 57, '2026-03-21', 'shipped');
INSERT INTO orders (id, customer_id, order_date, status) VALUES (142, 31, '2026-01-30', 'shipped');
INSERT INTO orders (id, customer_id, order_date, status) VALUES (143, 41, '2025-11-22', 'pending');
INSERT INTO orders (id, customer_id, order_date, status) VALUES (144, 18, '2026-03-02', 'processing');
INSERT INTO orders (id, customer_id, order_date, status) VALUES (145, 50, '2025-10-14', 'processing');
INSERT INTO orders (id, customer_id, order_date, status) VALUES (146, 91, '2026-02-14', 'pending');
INSERT INTO orders (id, customer_id, order_date, status) VALUES (147, 54, '2025-12-26', 'shipped');
INSERT INTO orders (id, customer_id, order_date, status) VALUES (148, 70, '2025-12-11', 'delivered');
INSERT INTO orders (id, customer_id, order_date, status) VALUES (149, 8, '2026-02-16', 'delivered');
INSERT INTO orders (id, customer_id, order_date, status) VALUES (150, 50, '2025-11-11', 'pending');
INSERT INTO orders (id, customer_id, order_date, status) VALUES (151, 98, '2025-11-13', 'delivered');
INSERT INTO orders (id, customer_id, order_date, status) VALUES (152, 62, '2026-04-08', 'shipped');
INSERT INTO orders (id, customer_id, order_date, status) VALUES (153, 39, '2025-12-31', 'delivered');
INSERT INTO orders (id, customer_id, order_date, status) VALUES (154, 69, '2025-11-21', 'cancelled');
INSERT INTO orders (id, customer_id, order_date, status) VALUES (155, 29, '2025-12-06', 'processing');
INSERT INTO orders (id, customer_id, order_date, status) VALUES (156, 35, '2025-12-19', 'delivered');
INSERT INTO orders (id, customer_id, order_date, status) VALUES (157, 4, '2025-12-31', 'shipped');
INSERT INTO orders (id, customer_id, order_date, status) VALUES (158, 86, '2025-10-18', 'delivered');
INSERT INTO orders (id, customer_id, order_date, status) VALUES (159, 93, '2026-02-26', 'delivered');
INSERT INTO orders (id, customer_id, order_date, status) VALUES (160, 17, '2025-11-01', 'cancelled');
INSERT INTO orders (id, customer_id, order_date, status) VALUES (161, 4, '2025-12-30', 'cancelled');
INSERT INTO orders (id, customer_id, order_date, status) VALUES (162, 73, '2025-10-22', 'pending');
INSERT INTO orders (id, customer_id, order_date, status) VALUES (163, 11, '2025-10-27', 'delivered');
INSERT INTO orders (id, customer_id, order_date, status) VALUES (164, 18, '2025-12-12', 'processing');
INSERT INTO orders (id, customer_id, order_date, status) VALUES (165, 7, '2026-02-02', 'delivered');
INSERT INTO orders (id, customer_id, order_date, status) VALUES (166, 42, '2026-02-14', 'delivered');
INSERT INTO orders (id, customer_id, order_date, status) VALUES (167, 42, '2026-01-13', 'delivered');
INSERT INTO orders (id, customer_id, order_date, status) VALUES (168, 36, '2025-12-23', 'shipped');
INSERT INTO orders (id, customer_id, order_date, status) VALUES (169, 11, '2025-12-10', 'pending');
INSERT INTO orders (id, customer_id, order_date, status) VALUES (170, 96, '2025-11-22', 'pending');
INSERT INTO orders (id, customer_id, order_date, status) VALUES (171, 45, '2026-02-11', 'pending');
INSERT INTO orders (id, customer_id, order_date, status) VALUES (172, 100, '2025-10-25', 'pending');
INSERT INTO orders (id, customer_id, order_date, status) VALUES (173, 97, '2026-04-02', 'processing');
INSERT INTO orders (id, customer_id, order_date, status) VALUES (174, 26, '2026-04-04', 'cancelled');
INSERT INTO orders (id, customer_id, order_date, status) VALUES (175, 20, '2026-02-07', 'processing');
INSERT INTO orders (id, customer_id, order_date, status) VALUES (176, 61, '2025-10-20', 'pending');
INSERT INTO orders (id, customer_id, order_date, status) VALUES (177, 73, '2026-02-13', 'delivered');
INSERT INTO orders (id, customer_id, order_date, status) VALUES (178, 90, '2026-02-03', 'shipped');
INSERT INTO orders (id, customer_id, order_date, status) VALUES (179, 22, '2025-11-05', 'cancelled');
INSERT INTO orders (id, customer_id, order_date, status) VALUES (180, 96, '2026-03-11', 'processing');
INSERT INTO orders (id, customer_id, order_date, status) VALUES (181, 40, '2026-03-13', 'cancelled');
INSERT INTO orders (id, customer_id, order_date, status) VALUES (182, 4, '2026-01-20', 'cancelled');
INSERT INTO orders (id, customer_id, order_date, status) VALUES (183, 87, '2026-01-03', 'delivered');
INSERT INTO orders (id, customer_id, order_date, status) VALUES (184, 92, '2026-02-18', 'pending');
INSERT INTO orders (id, customer_id, order_date, status) VALUES (185, 76, '2025-10-15', 'processing');
INSERT INTO orders (id, customer_id, order_date, status) VALUES (186, 14, '2025-10-13', 'shipped');
INSERT INTO orders (id, customer_id, order_date, status) VALUES (187, 88, '2025-11-07', 'pending');
INSERT INTO orders (id, customer_id, order_date, status) VALUES (188, 73, '2026-03-30', 'shipped');
INSERT INTO orders (id, customer_id, order_date, status) VALUES (189, 69, '2025-12-21', 'shipped');
INSERT INTO orders (id, customer_id, order_date, status) VALUES (190, 9, '2025-12-01', 'shipped');
INSERT INTO orders (id, customer_id, order_date, status) VALUES (191, 2, '2025-12-23', 'delivered');
INSERT INTO orders (id, customer_id, order_date, status) VALUES (192, 14, '2025-12-20', 'shipped');
INSERT INTO orders (id, customer_id, order_date, status) VALUES (193, 82, '2025-12-13', 'processing');
INSERT INTO orders (id, customer_id, order_date, status) VALUES (194, 56, '2026-02-23', 'cancelled');
INSERT INTO orders (id, customer_id, order_date, status) VALUES (195, 84, '2026-01-30', 'cancelled');
INSERT INTO orders (id, customer_id, order_date, status) VALUES (196, 69, '2025-12-07', 'delivered');
INSERT INTO orders (id, customer_id, order_date, status) VALUES (197, 56, '2025-11-09', 'shipped');
INSERT INTO orders (id, customer_id, order_date, status) VALUES (198, 42, '2026-02-06', 'pending');
INSERT INTO orders (id, customer_id, order_date, status) VALUES (199, 36, '2025-12-15', 'processing');
INSERT INTO orders (id, customer_id, order_date, status) VALUES (200, 97, '2025-12-12', 'cancelled');
INSERT INTO order_products (id, order_id, product_id, quantity) VALUES (1, 157, 86, 4);
INSERT INTO order_products (id, order_id, product_id, quantity) VALUES (2, 87, 4, 4);
INSERT INTO order_products (id, order_id, product_id, quantity) VALUES (3, 84, 24, 4);
INSERT INTO order_products (id, order_id, product_id, quantity) VALUES (4, 55, 46, 3);
INSERT INTO order_products (id, order_id, product_id, quantity) VALUES (5, 88, 36, 5);
INSERT INTO order_products (id, order_id, product_id, quantity) VALUES (6, 180, 36, 5);
INSERT INTO order_products (id, order_id, product_id, quantity) VALUES (7, 3, 67, 2);
INSERT INTO order_products (id, order_id, product_id, quantity) VALUES (8, 22, 31, 4);
INSERT INTO order_products (id, order_id, product_id, quantity) VALUES (9, 126, 72, 2);
INSERT INTO order_products (id, order_id, product_id, quantity) VALUES (10, 177, 61, 4);
INSERT INTO order_products (id, order_id, product_id, quantity) VALUES (11, 115, 3, 1);
INSERT INTO order_products (id, order_id, product_id, quantity) VALUES (12, 76, 29, 4);
INSERT INTO order_products (id, order_id, product_id, quantity) VALUES (13, 178, 32, 3);
INSERT INTO order_products (id, order_id, product_id, quantity) VALUES (14, 170, 75, 3);
INSERT INTO order_products (id, order_id, product_id, quantity) VALUES (15, 122, 71, 5);
INSERT INTO order_products (id, order_id, product_id, quantity) VALUES (16, 89, 55, 5);
INSERT INTO order_products (id, order_id, product_id, quantity) VALUES (17, 85, 46, 4);
INSERT INTO order_products (id, order_id, product_id, quantity) VALUES (18, 70, 40, 3);
INSERT INTO order_products (id, order_id, product_id, quantity) VALUES (19, 60, 16, 2);
INSERT INTO order_products (id, order_id, product_id, quantity) VALUES (20, 81, 16, 5);
INSERT INTO order_products (id, order_id, product_id, quantity) VALUES (21, 196, 89, 2);
INSERT INTO order_products (id, order_id, product_id, quantity) VALUES (22, 50, 28, 4);
INSERT INTO order_products (id, order_id, product_id, quantity) VALUES (23, 71, 93, 5);
INSERT INTO order_products (id, order_id, product_id, quantity) VALUES (24, 195, 68, 5);
INSERT INTO order_products (id, order_id, product_id, quantity) VALUES (25, 73, 13, 2);
INSERT INTO order_products (id, order_id, product_id, quantity) VALUES (26, 76, 30, 3);
INSERT INTO order_products (id, order_id, product_id, quantity) VALUES (27, 46, 39, 1);
INSERT INTO order_products (id, order_id, product_id, quantity) VALUES (28, 182, 69, 2);
INSERT INTO order_products (id, order_id, product_id, quantity) VALUES (29, 71, 6, 1);
INSERT INTO order_products (id, order_id, product_id, quantity) VALUES (30, 142, 38, 2);
INSERT INTO order_products (id, order_id, product_id, quantity) VALUES (31, 164, 97, 4);
INSERT INTO order_products (id, order_id, product_id, quantity) VALUES (32, 27, 2, 5);
INSERT INTO order_products (id, order_id, product_id, quantity) VALUES (33, 73, 61, 4);
INSERT INTO order_products (id, order_id, product_id, quantity) VALUES (34, 113, 44, 2);
INSERT INTO order_products (id, order_id, product_id, quantity) VALUES (35, 14, 33, 4);
INSERT INTO order_products (id, order_id, product_id, quantity) VALUES (36, 30, 9, 4);
INSERT INTO order_products (id, order_id, product_id, quantity) VALUES (37, 126, 10, 5);
INSERT INTO order_products (id, order_id, product_id, quantity) VALUES (38, 162, 88, 1);
INSERT INTO order_products (id, order_id, product_id, quantity) VALUES (39, 39, 20, 5);
INSERT INTO order_products (id, order_id, product_id, quantity) VALUES (40, 78, 11, 2);
INSERT INTO order_products (id, order_id, product_id, quantity) VALUES (41, 31, 72, 4);
INSERT INTO order_products (id, order_id, product_id, quantity) VALUES (42, 156, 77, 5);
INSERT INTO order_products (id, order_id, product_id, quantity) VALUES (43, 58, 100, 5);
INSERT INTO order_products (id, order_id, product_id, quantity) VALUES (44, 98, 58, 4);
INSERT INTO order_products (id, order_id, product_id, quantity) VALUES (45, 77, 76, 4);
INSERT INTO order_products (id, order_id, product_id, quantity) VALUES (46, 79, 73, 5);
INSERT INTO order_products (id, order_id, product_id, quantity) VALUES (47, 16, 79, 1);
INSERT INTO order_products (id, order_id, product_id, quantity) VALUES (48, 196, 27, 2);
INSERT INTO order_products (id, order_id, product_id, quantity) VALUES (49, 68, 85, 1);
INSERT INTO order_products (id, order_id, product_id, quantity) VALUES (50, 41, 31, 2);
INSERT INTO order_products (id, order_id, product_id, quantity) VALUES (51, 142, 10, 2);
INSERT INTO order_products (id, order_id, product_id, quantity) VALUES (52, 1, 53, 4);
INSERT INTO order_products (id, order_id, product_id, quantity) VALUES (53, 177, 77, 4);
INSERT INTO order_products (id, order_id, product_id, quantity) VALUES (54, 75, 5, 2);
INSERT INTO order_products (id, order_id, product_id, quantity) VALUES (55, 74, 91, 3);
INSERT INTO order_products (id, order_id, product_id, quantity) VALUES (56, 180, 59, 1);
INSERT INTO order_products (id, order_id, product_id, quantity) VALUES (57, 176, 30, 3);
INSERT INTO order_products (id, order_id, product_id, quantity) VALUES (58, 161, 76, 2);
INSERT INTO order_products (id, order_id, product_id, quantity) VALUES (59, 109, 15, 5);
INSERT INTO order_products (id, order_id, product_id, quantity) VALUES (60, 58, 83, 2);
INSERT INTO order_products (id, order_id, product_id, quantity) VALUES (61, 69, 19, 1);
INSERT INTO order_products (id, order_id, product_id, quantity) VALUES (62, 16, 22, 3);
INSERT INTO order_products (id, order_id, product_id, quantity) VALUES (63, 153, 96, 5);
INSERT INTO order_products (id, order_id, product_id, quantity) VALUES (64, 74, 57, 1);
INSERT INTO order_products (id, order_id, product_id, quantity) VALUES (65, 120, 89, 3);
INSERT INTO order_products (id, order_id, product_id, quantity) VALUES (66, 180, 52, 3);
INSERT INTO order_products (id, order_id, product_id, quantity) VALUES (67, 129, 70, 4);
INSERT INTO order_products (id, order_id, product_id, quantity) VALUES (68, 113, 11, 5);
INSERT INTO order_products (id, order_id, product_id, quantity) VALUES (69, 11, 56, 3);
INSERT INTO order_products (id, order_id, product_id, quantity) VALUES (70, 155, 33, 1);
INSERT INTO order_products (id, order_id, product_id, quantity) VALUES (71, 24, 30, 5);
INSERT INTO order_products (id, order_id, product_id, quantity) VALUES (72, 151, 3, 3);
INSERT INTO order_products (id, order_id, product_id, quantity) VALUES (73, 148, 6, 2);
INSERT INTO order_products (id, order_id, product_id, quantity) VALUES (74, 121, 67, 4);
INSERT INTO order_products (id, order_id, product_id, quantity) VALUES (75, 72, 24, 5);
INSERT INTO order_products (id, order_id, product_id, quantity) VALUES (76, 112, 82, 4);
INSERT INTO order_products (id, order_id, product_id, quantity) VALUES (77, 24, 61, 3);
INSERT INTO order_products (id, order_id, product_id, quantity) VALUES (78, 105, 43, 3);
INSERT INTO order_products (id, order_id, product_id, quantity) VALUES (79, 172, 14, 2);
INSERT INTO order_products (id, order_id, product_id, quantity) VALUES (80, 85, 53, 4);
INSERT INTO order_products (id, order_id, product_id, quantity) VALUES (81, 74, 85, 4);
INSERT INTO order_products (id, order_id, product_id, quantity) VALUES (82, 195, 71, 1);
INSERT INTO order_products (id, order_id, product_id, quantity) VALUES (83, 117, 12, 3);
INSERT INTO order_products (id, order_id, product_id, quantity) VALUES (84, 65, 42, 1);
INSERT INTO order_products (id, order_id, product_id, quantity) VALUES (85, 198, 52, 5);
INSERT INTO order_products (id, order_id, product_id, quantity) VALUES (86, 1, 85, 5);
INSERT INTO order_products (id, order_id, product_id, quantity) VALUES (87, 119, 53, 1);
INSERT INTO order_products (id, order_id, product_id, quantity) VALUES (88, 49, 67, 3);
INSERT INTO order_products (id, order_id, product_id, quantity) VALUES (89, 160, 97, 4);
INSERT INTO order_products (id, order_id, product_id, quantity) VALUES (90, 161, 57, 1);
INSERT INTO order_products (id, order_id, product_id, quantity) VALUES (91, 53, 35, 5);
INSERT INTO order_products (id, order_id, product_id, quantity) VALUES (92, 34, 37, 4);
INSERT INTO order_products (id, order_id, product_id, quantity) VALUES (93, 179, 63, 1);
INSERT INTO order_products (id, order_id, product_id, quantity) VALUES (94, 8, 81, 5);
INSERT INTO order_products (id, order_id, product_id, quantity) VALUES (95, 62, 91, 2);
INSERT INTO order_products (id, order_id, product_id, quantity) VALUES (96, 80, 71, 1);
INSERT INTO order_products (id, order_id, product_id, quantity) VALUES (97, 142, 53, 1);
INSERT INTO order_products (id, order_id, product_id, quantity) VALUES (98, 58, 15, 4);
INSERT INTO order_products (id, order_id, product_id, quantity) VALUES (99, 31, 83, 2);
INSERT INTO order_products (id, order_id, product_id, quantity) VALUES (100, 128, 92, 3);
INSERT INTO order_products (id, order_id, product_id, quantity) VALUES (101, 131, 91, 3);
INSERT INTO order_products (id, order_id, product_id, quantity) VALUES (102, 107, 62, 4);
INSERT INTO order_products (id, order_id, product_id, quantity) VALUES (103, 63, 59, 5);
INSERT INTO order_products (id, order_id, product_id, quantity) VALUES (104, 38, 50, 2);
INSERT INTO order_products (id, order_id, product_id, quantity) VALUES (105, 154, 66, 2);
INSERT INTO order_products (id, order_id, product_id, quantity) VALUES (106, 18, 36, 4);
INSERT INTO order_products (id, order_id, product_id, quantity) VALUES (107, 88, 65, 3);
INSERT INTO order_products (id, order_id, product_id, quantity) VALUES (108, 1, 37, 3);
INSERT INTO order_products (id, order_id, product_id, quantity) VALUES (109, 151, 75, 4);
INSERT INTO order_products (id, order_id, product_id, quantity) VALUES (110, 39, 58, 5);
INSERT INTO order_products (id, order_id, product_id, quantity) VALUES (111, 124, 45, 3);
INSERT INTO order_products (id, order_id, product_id, quantity) VALUES (112, 142, 98, 5);
INSERT INTO order_products (id, order_id, product_id, quantity) VALUES (113, 97, 59, 3);
INSERT INTO order_products (id, order_id, product_id, quantity) VALUES (114, 49, 90, 2);
INSERT INTO order_products (id, order_id, product_id, quantity) VALUES (115, 147, 50, 2);
INSERT INTO order_products (id, order_id, product_id, quantity) VALUES (116, 199, 53, 1);
INSERT INTO order_products (id, order_id, product_id, quantity) VALUES (117, 82, 96, 4);
INSERT INTO order_products (id, order_id, product_id, quantity) VALUES (118, 181, 49, 4);
INSERT INTO order_products (id, order_id, product_id, quantity) VALUES (119, 170, 84, 2);
INSERT INTO order_products (id, order_id, product_id, quantity) VALUES (120, 127, 5, 2);
INSERT INTO order_products (id, order_id, product_id, quantity) VALUES (121, 129, 76, 3);
INSERT INTO order_products (id, order_id, product_id, quantity) VALUES (122, 26, 57, 1);
INSERT INTO order_products (id, order_id, product_id, quantity) VALUES (123, 135, 59, 1);
INSERT INTO order_products (id, order_id, product_id, quantity) VALUES (124, 185, 19, 4);
INSERT INTO order_products (id, order_id, product_id, quantity) VALUES (125, 168, 20, 1);
INSERT INTO order_products (id, order_id, product_id, quantity) VALUES (126, 121, 34, 3);
INSERT INTO order_products (id, order_id, product_id, quantity) VALUES (127, 160, 89, 4);
INSERT INTO order_products (id, order_id, product_id, quantity) VALUES (128, 167, 11, 3);
INSERT INTO order_products (id, order_id, product_id, quantity) VALUES (129, 173, 69, 4);
INSERT INTO order_products (id, order_id, product_id, quantity) VALUES (130, 82, 81, 4);
INSERT INTO order_products (id, order_id, product_id, quantity) VALUES (131, 139, 5, 5);
INSERT INTO order_products (id, order_id, product_id, quantity) VALUES (132, 18, 31, 3);
INSERT INTO order_products (id, order_id, product_id, quantity) VALUES (133, 59, 96, 1);
INSERT INTO order_products (id, order_id, product_id, quantity) VALUES (134, 112, 13, 1);
INSERT INTO order_products (id, order_id, product_id, quantity) VALUES (135, 114, 22, 3);
INSERT INTO order_products (id, order_id, product_id, quantity) VALUES (136, 8, 6, 3);
INSERT INTO order_products (id, order_id, product_id, quantity) VALUES (137, 15, 38, 3);
INSERT INTO order_products (id, order_id, product_id, quantity) VALUES (138, 96, 56, 2);
INSERT INTO order_products (id, order_id, product_id, quantity) VALUES (139, 63, 68, 4);
INSERT INTO order_products (id, order_id, product_id, quantity) VALUES (140, 145, 88, 2);
INSERT INTO order_products (id, order_id, product_id, quantity) VALUES (141, 44, 23, 1);
INSERT INTO order_products (id, order_id, product_id, quantity) VALUES (142, 157, 49, 5);
INSERT INTO order_products (id, order_id, product_id, quantity) VALUES (143, 175, 31, 4);
INSERT INTO order_products (id, order_id, product_id, quantity) VALUES (144, 150, 19, 2);
INSERT INTO order_products (id, order_id, product_id, quantity) VALUES (145, 119, 82, 3);
INSERT INTO order_products (id, order_id, product_id, quantity) VALUES (146, 118, 33, 1);
INSERT INTO order_products (id, order_id, product_id, quantity) VALUES (147, 120, 37, 5);
INSERT INTO order_products (id, order_id, product_id, quantity) VALUES (148, 41, 10, 4);
INSERT INTO order_products (id, order_id, product_id, quantity) VALUES (149, 89, 76, 3);
INSERT INTO order_products (id, order_id, product_id, quantity) VALUES (150, 164, 55, 3);
INSERT INTO order_products (id, order_id, product_id, quantity) VALUES (151, 117, 39, 2);
INSERT INTO order_products (id, order_id, product_id, quantity) VALUES (152, 99, 62, 1);
INSERT INTO order_products (id, order_id, product_id, quantity) VALUES (153, 61, 49, 5);
INSERT INTO order_products (id, order_id, product_id, quantity) VALUES (154, 92, 74, 3);
INSERT INTO order_products (id, order_id, product_id, quantity) VALUES (155, 180, 38, 1);
INSERT INTO order_products (id, order_id, product_id, quantity) VALUES (156, 169, 51, 3);
INSERT INTO order_products (id, order_id, product_id, quantity) VALUES (157, 3, 73, 1);
INSERT INTO order_products (id, order_id, product_id, quantity) VALUES (158, 156, 96, 4);
INSERT INTO order_products (id, order_id, product_id, quantity) VALUES (159, 74, 100, 2);
INSERT INTO order_products (id, order_id, product_id, quantity) VALUES (160, 156, 46, 2);
INSERT INTO order_products (id, order_id, product_id, quantity) VALUES (161, 163, 25, 5);
INSERT INTO order_products (id, order_id, product_id, quantity) VALUES (162, 65, 87, 2);
INSERT INTO order_products (id, order_id, product_id, quantity) VALUES (163, 161, 13, 1);
INSERT INTO order_products (id, order_id, product_id, quantity) VALUES (164, 80, 57, 1);
INSERT INTO order_products (id, order_id, product_id, quantity) VALUES (165, 149, 47, 2);
INSERT INTO order_products (id, order_id, product_id, quantity) VALUES (166, 24, 38, 3);
INSERT INTO order_products (id, order_id, product_id, quantity) VALUES (167, 192, 54, 2);
INSERT INTO order_products (id, order_id, product_id, quantity) VALUES (168, 52, 17, 5);
INSERT INTO order_products (id, order_id, product_id, quantity) VALUES (169, 94, 68, 5);
INSERT INTO order_products (id, order_id, product_id, quantity) VALUES (170, 70, 22, 3);
INSERT INTO order_products (id, order_id, product_id, quantity) VALUES (171, 124, 38, 3);
INSERT INTO order_products (id, order_id, product_id, quantity) VALUES (172, 30, 60, 1);
INSERT INTO order_products (id, order_id, product_id, quantity) VALUES (173, 37, 97, 2);
INSERT INTO order_products (id, order_id, product_id, quantity) VALUES (174, 174, 93, 4);
INSERT INTO order_products (id, order_id, product_id, quantity) VALUES (175, 143, 47, 1);
INSERT INTO order_products (id, order_id, product_id, quantity) VALUES (176, 102, 2, 3);
INSERT INTO order_products (id, order_id, product_id, quantity) VALUES (177, 138, 16, 4);
INSERT INTO order_products (id, order_id, product_id, quantity) VALUES (178, 95, 87, 3);
INSERT INTO order_products (id, order_id, product_id, quantity) VALUES (179, 150, 49, 3);
INSERT INTO order_products (id, order_id, product_id, quantity) VALUES (180, 28, 87, 2);
INSERT INTO order_products (id, order_id, product_id, quantity) VALUES (181, 121, 4, 5);
INSERT INTO order_products (id, order_id, product_id, quantity) VALUES (182, 144, 42, 5);
INSERT INTO order_products (id, order_id, product_id, quantity) VALUES (183, 57, 83, 1);
INSERT INTO order_products (id, order_id, product_id, quantity) VALUES (184, 163, 60, 3);
INSERT INTO order_products (id, order_id, product_id, quantity) VALUES (185, 167, 53, 1);
INSERT INTO order_products (id, order_id, product_id, quantity) VALUES (186, 36, 6, 1);
INSERT INTO order_products (id, order_id, product_id, quantity) VALUES (187, 78, 64, 1);
INSERT INTO order_products (id, order_id, product_id, quantity) VALUES (188, 25, 31, 5);
INSERT INTO order_products (id, order_id, product_id, quantity) VALUES (189, 35, 50, 4);
INSERT INTO order_products (id, order_id, product_id, quantity) VALUES (190, 95, 86, 5);
INSERT INTO order_products (id, order_id, product_id, quantity) VALUES (191, 108, 76, 2);
INSERT INTO order_products (id, order_id, product_id, quantity) VALUES (192, 107, 84, 1);
INSERT INTO order_products (id, order_id, product_id, quantity) VALUES (193, 126, 79, 4);
INSERT INTO order_products (id, order_id, product_id, quantity) VALUES (194, 72, 5, 3);
INSERT INTO order_products (id, order_id, product_id, quantity) VALUES (195, 56, 57, 4);
INSERT INTO order_products (id, order_id, product_id, quantity) VALUES (196, 61, 47, 1);
INSERT INTO order_products (id, order_id, product_id, quantity) VALUES (197, 176, 48, 5);
INSERT INTO order_products (id, order_id, product_id, quantity) VALUES (198, 166, 46, 1);
INSERT INTO order_products (id, order_id, product_id, quantity) VALUES (199, 102, 36, 2);
INSERT INTO order_products (id, order_id, product_id, quantity) VALUES (200, 32, 59, 1);
INSERT INTO order_products (id, order_id, product_id, quantity) VALUES (201, 170, 28, 5);
INSERT INTO order_products (id, order_id, product_id, quantity) VALUES (202, 6, 7, 3);
INSERT INTO order_products (id, order_id, product_id, quantity) VALUES (203, 63, 17, 5);
INSERT INTO order_products (id, order_id, product_id, quantity) VALUES (204, 53, 9, 5);
INSERT INTO order_products (id, order_id, product_id, quantity) VALUES (205, 54, 76, 2);
INSERT INTO order_products (id, order_id, product_id, quantity) VALUES (206, 60, 43, 2);
INSERT INTO order_products (id, order_id, product_id, quantity) VALUES (207, 153, 1, 3);
INSERT INTO order_products (id, order_id, product_id, quantity) VALUES (208, 38, 17, 5);
INSERT INTO order_products (id, order_id, product_id, quantity) VALUES (209, 65, 23, 1);
INSERT INTO order_products (id, order_id, product_id, quantity) VALUES (210, 170, 4, 2);
INSERT INTO order_products (id, order_id, product_id, quantity) VALUES (211, 4, 46, 2);
INSERT INTO order_products (id, order_id, product_id, quantity) VALUES (212, 151, 42, 1);
INSERT INTO order_products (id, order_id, product_id, quantity) VALUES (213, 45, 34, 1);
INSERT INTO order_products (id, order_id, product_id, quantity) VALUES (214, 33, 95, 4);
INSERT INTO order_products (id, order_id, product_id, quantity) VALUES (215, 135, 15, 1);
INSERT INTO order_products (id, order_id, product_id, quantity) VALUES (216, 122, 58, 3);
INSERT INTO order_products (id, order_id, product_id, quantity) VALUES (217, 132, 76, 1);
INSERT INTO order_products (id, order_id, product_id, quantity) VALUES (218, 116, 65, 2);
INSERT INTO order_products (id, order_id, product_id, quantity) VALUES (219, 158, 6, 5);
INSERT INTO order_products (id, order_id, product_id, quantity) VALUES (220, 78, 59, 1);
INSERT INTO order_products (id, order_id, product_id, quantity) VALUES (221, 16, 62, 4);
INSERT INTO order_products (id, order_id, product_id, quantity) VALUES (222, 110, 88, 1);
INSERT INTO order_products (id, order_id, product_id, quantity) VALUES (223, 126, 92, 4);
INSERT INTO order_products (id, order_id, product_id, quantity) VALUES (224, 19, 11, 3);
INSERT INTO order_products (id, order_id, product_id, quantity) VALUES (225, 156, 19, 1);
INSERT INTO order_products (id, order_id, product_id, quantity) VALUES (226, 33, 36, 5);
INSERT INTO order_products (id, order_id, product_id, quantity) VALUES (227, 163, 75, 5);
INSERT INTO order_products (id, order_id, product_id, quantity) VALUES (228, 183, 42, 4);
INSERT INTO order_products (id, order_id, product_id, quantity) VALUES (229, 153, 68, 3);
INSERT INTO order_products (id, order_id, product_id, quantity) VALUES (230, 117, 65, 5);
INSERT INTO order_products (id, order_id, product_id, quantity) VALUES (231, 111, 13, 1);
INSERT INTO order_products (id, order_id, product_id, quantity) VALUES (232, 168, 84, 5);
INSERT INTO order_products (id, order_id, product_id, quantity) VALUES (233, 185, 28, 4);
INSERT INTO order_products (id, order_id, product_id, quantity) VALUES (234, 116, 30, 4);
INSERT INTO order_products (id, order_id, product_id, quantity) VALUES (235, 87, 59, 4);
INSERT INTO order_products (id, order_id, product_id, quantity) VALUES (236, 107, 94, 1);
INSERT INTO order_products (id, order_id, product_id, quantity) VALUES (237, 81, 55, 3);
INSERT INTO order_products (id, order_id, product_id, quantity) VALUES (238, 171, 33, 3);
INSERT INTO order_products (id, order_id, product_id, quantity) VALUES (239, 40, 88, 4);
INSERT INTO order_products (id, order_id, product_id, quantity) VALUES (240, 18, 12, 1);
INSERT INTO order_products (id, order_id, product_id, quantity) VALUES (241, 24, 56, 1);
INSERT INTO order_products (id, order_id, product_id, quantity) VALUES (242, 191, 95, 3);
INSERT INTO order_products (id, order_id, product_id, quantity) VALUES (243, 34, 72, 1);
INSERT INTO order_products (id, order_id, product_id, quantity) VALUES (244, 151, 72, 5);
INSERT INTO order_products (id, order_id, product_id, quantity) VALUES (245, 85, 86, 1);
INSERT INTO order_products (id, order_id, product_id, quantity) VALUES (246, 106, 46, 4);
INSERT INTO order_products (id, order_id, product_id, quantity) VALUES (247, 185, 7, 3);
INSERT INTO order_products (id, order_id, product_id, quantity) VALUES (248, 154, 40, 3);
INSERT INTO order_products (id, order_id, product_id, quantity) VALUES (249, 27, 74, 5);
INSERT INTO order_products (id, order_id, product_id, quantity) VALUES (250, 55, 20, 4);
INSERT INTO order_products (id, order_id, product_id, quantity) VALUES (251, 58, 14, 3);
INSERT INTO order_products (id, order_id, product_id, quantity) VALUES (252, 143, 48, 1);
INSERT INTO order_products (id, order_id, product_id, quantity) VALUES (253, 196, 36, 5);
INSERT INTO order_products (id, order_id, product_id, quantity) VALUES (254, 58, 55, 5);
INSERT INTO order_products (id, order_id, product_id, quantity) VALUES (255, 197, 80, 5);
INSERT INTO order_products (id, order_id, product_id, quantity) VALUES (256, 173, 83, 5);
INSERT INTO order_products (id, order_id, product_id, quantity) VALUES (257, 7, 78, 3);
INSERT INTO order_products (id, order_id, product_id, quantity) VALUES (258, 8, 24, 3);
INSERT INTO order_products (id, order_id, product_id, quantity) VALUES (259, 180, 98, 3);
INSERT INTO order_products (id, order_id, product_id, quantity) VALUES (260, 87, 45, 1);
INSERT INTO order_products (id, order_id, product_id, quantity) VALUES (261, 47, 19, 5);
INSERT INTO order_products (id, order_id, product_id, quantity) VALUES (262, 169, 52, 1);
INSERT INTO order_products (id, order_id, product_id, quantity) VALUES (263, 37, 95, 1);
INSERT INTO order_products (id, order_id, product_id, quantity) VALUES (264, 24, 96, 5);
INSERT INTO order_products (id, order_id, product_id, quantity) VALUES (265, 56, 49, 4);
INSERT INTO order_products (id, order_id, product_id, quantity) VALUES (266, 117, 44, 2);
INSERT INTO order_products (id, order_id, product_id, quantity) VALUES (267, 95, 40, 3);
INSERT INTO order_products (id, order_id, product_id, quantity) VALUES (268, 199, 73, 5);
INSERT INTO order_products (id, order_id, product_id, quantity) VALUES (269, 22, 7, 2);
INSERT INTO order_products (id, order_id, product_id, quantity) VALUES (270, 41, 97, 5);
INSERT INTO order_products (id, order_id, product_id, quantity) VALUES (271, 13, 87, 1);
INSERT INTO order_products (id, order_id, product_id, quantity) VALUES (272, 70, 57, 4);
INSERT INTO order_products (id, order_id, product_id, quantity) VALUES (273, 125, 78, 4);
INSERT INTO order_products (id, order_id, product_id, quantity) VALUES (274, 107, 35, 2);
INSERT INTO order_products (id, order_id, product_id, quantity) VALUES (275, 194, 66, 1);
INSERT INTO order_products (id, order_id, product_id, quantity) VALUES (276, 89, 56, 1);
INSERT INTO order_products (id, order_id, product_id, quantity) VALUES (277, 73, 87, 5);
INSERT INTO order_products (id, order_id, product_id, quantity) VALUES (278, 125, 68, 3);
INSERT INTO order_products (id, order_id, product_id, quantity) VALUES (279, 12, 29, 4);
INSERT INTO order_products (id, order_id, product_id, quantity) VALUES (280, 154, 8, 1);
INSERT INTO order_products (id, order_id, product_id, quantity) VALUES (281, 53, 39, 2);
INSERT INTO order_products (id, order_id, product_id, quantity) VALUES (282, 197, 18, 3);
INSERT INTO order_products (id, order_id, product_id, quantity) VALUES (283, 75, 42, 1);
INSERT INTO order_products (id, order_id, product_id, quantity) VALUES (284, 2, 64, 4);
INSERT INTO order_products (id, order_id, product_id, quantity) VALUES (285, 45, 17, 4);
INSERT INTO order_products (id, order_id, product_id, quantity) VALUES (286, 137, 91, 2);
INSERT INTO order_products (id, order_id, product_id, quantity) VALUES (287, 129, 72, 3);
INSERT INTO order_products (id, order_id, product_id, quantity) VALUES (288, 19, 51, 1);
INSERT INTO order_products (id, order_id, product_id, quantity) VALUES (289, 112, 3, 4);
INSERT INTO order_products (id, order_id, product_id, quantity) VALUES (290, 20, 41, 5);
INSERT INTO order_products (id, order_id, product_id, quantity) VALUES (291, 110, 74, 4);
INSERT INTO order_products (id, order_id, product_id, quantity) VALUES (292, 182, 82, 4);
INSERT INTO order_products (id, order_id, product_id, quantity) VALUES (293, 75, 15, 4);
INSERT INTO order_products (id, order_id, product_id, quantity) VALUES (294, 6, 42, 2);
INSERT INTO order_products (id, order_id, product_id, quantity) VALUES (295, 159, 59, 3);
INSERT INTO order_products (id, order_id, product_id, quantity) VALUES (296, 23, 56, 1);
INSERT INTO order_products (id, order_id, product_id, quantity) VALUES (297, 63, 56, 5);
INSERT INTO order_products (id, order_id, product_id, quantity) VALUES (298, 103, 68, 1);
INSERT INTO order_products (id, order_id, product_id, quantity) VALUES (299, 102, 40, 3);
INSERT INTO order_products (id, order_id, product_id, quantity) VALUES (300, 57, 43, 2);
INSERT INTO shipping (id, order_id, address, delivery_status, delivery_date) VALUES (1, 1, '5, avenue Michel Hamon, 70484 Lemoinenec', 'label_created', '2026-01-13');
INSERT INTO shipping (id, order_id, address, delivery_status, delivery_date) VALUES (2, 2, '23, chemin Brunet, 48828 Rousset', 'label_created', '2025-12-24');
INSERT INTO shipping (id, order_id, address, delivery_status, delivery_date) VALUES (3, 3, '21, chemin Hebert, 46879 Henry', 'delayed', '2026-02-15');
INSERT INTO shipping (id, order_id, address, delivery_status, delivery_date) VALUES (4, 4, 'avenue Pons, 71668 CordierBourg', 'out_for_delivery', '2026-04-10');
INSERT INTO shipping (id, order_id, address, delivery_status, delivery_date) VALUES (5, 5, 'boulevard Éric Godard, 76903 Collin', 'in_transit', '2026-02-14');
INSERT INTO shipping (id, order_id, address, delivery_status, delivery_date) VALUES (6, 6, '26, boulevard de Berger, 73633 Pottier', 'label_created', '2026-04-11');
INSERT INTO shipping (id, order_id, address, delivery_status, delivery_date) VALUES (7, 7, '54, avenue William Andre, 21545 De Oliveira', 'out_for_delivery', '2025-11-03');
INSERT INTO shipping (id, order_id, address, delivery_status, delivery_date) VALUES (8, 8, '6, rue Michelle Toussaint, 63708 Pierre-sur-Albert', 'in_transit', '2026-04-02');
INSERT INTO shipping (id, order_id, address, delivery_status, delivery_date) VALUES (9, 9, '70, boulevard Alex Boulanger, 56442 Gilles-les-Bains', 'in_transit', '2026-03-24');
INSERT INTO shipping (id, order_id, address, delivery_status, delivery_date) VALUES (10, 10, '637, avenue Julien, 37852 Bruneau-sur-Mer', 'in_transit', '2026-02-05');
INSERT INTO shipping (id, order_id, address, delivery_status, delivery_date) VALUES (11, 11, '66, boulevard Bourgeois, 75658 Normand', 'delivered', '2025-12-02');
INSERT INTO shipping (id, order_id, address, delivery_status, delivery_date) VALUES (12, 12, '83, rue Thérèse Lejeune, 86611 Couturier', 'delayed', '2025-11-22');
INSERT INTO shipping (id, order_id, address, delivery_status, delivery_date) VALUES (13, 13, '72, rue Caroline Joseph, 61696 Joubertnec', 'delayed', '2026-02-16');
INSERT INTO shipping (id, order_id, address, delivery_status, delivery_date) VALUES (14, 14, '291, chemin Brun, 82727 Sainte Odette', 'out_for_delivery', '2026-02-26');
INSERT INTO shipping (id, order_id, address, delivery_status, delivery_date) VALUES (15, 15, '1, chemin Louis, 65864 Pascal-sur-Mer', 'in_transit', '2025-10-31');
INSERT INTO shipping (id, order_id, address, delivery_status, delivery_date) VALUES (16, 16, '97, chemin Laurent, 61207 Legros', 'label_created', '2025-12-30');
INSERT INTO shipping (id, order_id, address, delivery_status, delivery_date) VALUES (17, 17, 'rue de Lévêque, 39451 Leclercdan', 'delivered', '2026-04-01');
INSERT INTO shipping (id, order_id, address, delivery_status, delivery_date) VALUES (18, 18, '8, avenue de Julien, 09407 Saint Alphonse', 'out_for_delivery', '2026-01-06');
INSERT INTO shipping (id, order_id, address, delivery_status, delivery_date) VALUES (19, 19, '3, rue de Blondel, 22665 Rémy', 'label_created', '2026-02-11');
INSERT INTO shipping (id, order_id, address, delivery_status, delivery_date) VALUES (20, 20, '36, avenue Delaunay, 04855 Philippe-sur-Lebreton', 'delayed', '2025-11-25');
INSERT INTO shipping (id, order_id, address, delivery_status, delivery_date) VALUES (21, 21, '4, chemin Chrétien, 90928 Saint Susanne-les-Bains', 'out_for_delivery', '2025-12-30');
INSERT INTO shipping (id, order_id, address, delivery_status, delivery_date) VALUES (22, 22, '27, avenue Éléonore Riou, 40711 Bourdonnec', 'delivered', '2025-12-13');
INSERT INTO shipping (id, order_id, address, delivery_status, delivery_date) VALUES (23, 23, '37, chemin de Bonneau, 75186 Bouvier', 'label_created', '2025-12-23');
INSERT INTO shipping (id, order_id, address, delivery_status, delivery_date) VALUES (24, 24, '31, rue Danielle Chevallier, 53710 Bruneau', 'out_for_delivery', '2026-03-30');
INSERT INTO shipping (id, order_id, address, delivery_status, delivery_date) VALUES (25, 25, '97, rue de Berthelot, 21601 Joly', 'label_created', '2026-03-27');
INSERT INTO shipping (id, order_id, address, delivery_status, delivery_date) VALUES (26, 26, '19, rue Claire Dufour, 24934 Guilbertdan', 'delayed', '2026-01-04');
INSERT INTO shipping (id, order_id, address, delivery_status, delivery_date) VALUES (27, 27, '86, rue Émile Moreno, 04914 Klein', 'delivered', '2026-02-22');
INSERT INTO shipping (id, order_id, address, delivery_status, delivery_date) VALUES (28, 28, '58, avenue Moreno, 95891 DiasBourg', 'delayed', '2026-03-07');
INSERT INTO shipping (id, order_id, address, delivery_status, delivery_date) VALUES (29, 29, '158, avenue de Morvan, 27535 Saint ThéophileVille', 'label_created', '2026-01-08');
INSERT INTO shipping (id, order_id, address, delivery_status, delivery_date) VALUES (30, 30, '81, rue Lacroix, 94702 Lacombe', 'delayed', '2026-01-30');
INSERT INTO shipping (id, order_id, address, delivery_status, delivery_date) VALUES (31, 31, '423, boulevard Marty, 68387 Tanguy-sur-Roy', 'out_for_delivery', '2025-11-28');
INSERT INTO shipping (id, order_id, address, delivery_status, delivery_date) VALUES (32, 32, '54, rue de Dufour, 97162 Sainte Marcelle', 'delivered', '2026-03-01');
INSERT INTO shipping (id, order_id, address, delivery_status, delivery_date) VALUES (33, 33, '33, chemin de Hoarau, 97296 Camus-les-Bains', 'in_transit', '2026-03-27');
INSERT INTO shipping (id, order_id, address, delivery_status, delivery_date) VALUES (34, 34, '86, rue Antoine, 65867 Lemonnier', 'delivered', '2025-11-24');
INSERT INTO shipping (id, order_id, address, delivery_status, delivery_date) VALUES (35, 35, '15, rue de Foucher, 58750 Andre', 'out_for_delivery', '2026-01-21');
INSERT INTO shipping (id, order_id, address, delivery_status, delivery_date) VALUES (36, 36, '83, chemin Véronique Jacquet, 43660 Dumont-sur-Moreno', 'delayed', '2025-11-14');
INSERT INTO shipping (id, order_id, address, delivery_status, delivery_date) VALUES (37, 37, '1, avenue Durand, 16978 Besnard', 'label_created', '2025-11-29');
INSERT INTO shipping (id, order_id, address, delivery_status, delivery_date) VALUES (38, 38, 'rue Marie Payet, 83409 Paris', 'delivered', '2025-12-08');
INSERT INTO shipping (id, order_id, address, delivery_status, delivery_date) VALUES (39, 39, '24, rue Bernard Delaunay, 80412 Gilbert', 'delayed', '2026-04-01');
INSERT INTO shipping (id, order_id, address, delivery_status, delivery_date) VALUES (40, 40, '1, avenue Garnier, 17707 Paul', 'delayed', '2025-10-22');
INSERT INTO shipping (id, order_id, address, delivery_status, delivery_date) VALUES (41, 41, 'chemin Mathieu, 54810 Martel', 'out_for_delivery', '2026-03-16');
INSERT INTO shipping (id, order_id, address, delivery_status, delivery_date) VALUES (42, 42, '21, chemin Tessier, 38240 Becker-les-Bains', 'out_for_delivery', '2025-11-19');
INSERT INTO shipping (id, order_id, address, delivery_status, delivery_date) VALUES (43, 43, 'boulevard de Petit, 78765 Besnard', 'delivered', '2025-11-08');
INSERT INTO shipping (id, order_id, address, delivery_status, delivery_date) VALUES (44, 44, '72, avenue de Carpentier, 12202 Chrétien', 'delayed', '2025-10-24');
INSERT INTO shipping (id, order_id, address, delivery_status, delivery_date) VALUES (45, 45, '75, rue Paul Baron, 82186 Lenoir', 'out_for_delivery', '2025-11-29');
INSERT INTO shipping (id, order_id, address, delivery_status, delivery_date) VALUES (46, 46, '5, boulevard Seguin, 65293 ColletVille', 'out_for_delivery', '2026-02-18');
INSERT INTO shipping (id, order_id, address, delivery_status, delivery_date) VALUES (47, 47, '41, boulevard David Evrard, 02469 Payet', 'delayed', '2026-02-08');
INSERT INTO shipping (id, order_id, address, delivery_status, delivery_date) VALUES (48, 48, '95, rue de Ledoux, 60888 Saint JacquelineBourg', 'out_for_delivery', '2025-10-25');
INSERT INTO shipping (id, order_id, address, delivery_status, delivery_date) VALUES (49, 49, '10, boulevard Sébastien Techer, 91613 Briandnec', 'delayed', '2026-01-22');
INSERT INTO shipping (id, order_id, address, delivery_status, delivery_date) VALUES (50, 50, '389, rue Thierry Chevalier, 65308 Regnier', 'out_for_delivery', '2025-12-15');
INSERT INTO shipping (id, order_id, address, delivery_status, delivery_date) VALUES (51, 51, '714, rue de Boyer, 31188 Ferreiradan', 'delayed', '2026-03-18');
INSERT INTO shipping (id, order_id, address, delivery_status, delivery_date) VALUES (52, 52, '11, rue de Boutin, 02267 Perrot-la-Forêt', 'out_for_delivery', '2026-02-19');
INSERT INTO shipping (id, order_id, address, delivery_status, delivery_date) VALUES (53, 53, '24, chemin Gilbert, 34636 Sainte MichèleBourg', 'delivered', '2026-03-10');
INSERT INTO shipping (id, order_id, address, delivery_status, delivery_date) VALUES (54, 54, '850, rue de Tessier, 20361 Saint MichelVille', 'delayed', '2026-02-08');
INSERT INTO shipping (id, order_id, address, delivery_status, delivery_date) VALUES (55, 55, 'rue Georges, 46492 Colin', 'out_for_delivery', '2026-03-09');
INSERT INTO shipping (id, order_id, address, delivery_status, delivery_date) VALUES (56, 56, '63, avenue Fouquet, 40377 Sainte GeorgesVille', 'delivered', '2025-10-17');
INSERT INTO shipping (id, order_id, address, delivery_status, delivery_date) VALUES (57, 57, '206, chemin Philippine Langlois, 41188 PineauVille', 'in_transit', '2025-11-02');
INSERT INTO shipping (id, order_id, address, delivery_status, delivery_date) VALUES (58, 58, '59, boulevard de Berger, 59477 Teixeira-sur-Leleu', 'label_created', '2025-10-28');
INSERT INTO shipping (id, order_id, address, delivery_status, delivery_date) VALUES (59, 59, '132, rue Nicolas Allard, 44751 Sainte Adrien', 'delayed', '2025-10-28');
INSERT INTO shipping (id, order_id, address, delivery_status, delivery_date) VALUES (60, 60, '41, rue de Humbert, 62161 Mendès', 'label_created', '2026-02-07');
INSERT INTO shipping (id, order_id, address, delivery_status, delivery_date) VALUES (61, 61, 'rue Dijoux, 52817 Albert', 'out_for_delivery', '2025-11-22');
INSERT INTO shipping (id, order_id, address, delivery_status, delivery_date) VALUES (62, 62, '9, avenue Sanchez, 75681 Sainte Margaud', 'in_transit', '2026-02-02');
INSERT INTO shipping (id, order_id, address, delivery_status, delivery_date) VALUES (63, 63, '64, chemin Timothée Sauvage, 34339 Saint GrégoireBourg', 'delivered', '2026-01-16');
INSERT INTO shipping (id, order_id, address, delivery_status, delivery_date) VALUES (64, 64, 'avenue Turpin, 40516 Sainte Pénélope-sur-Mer', 'in_transit', '2025-11-01');
INSERT INTO shipping (id, order_id, address, delivery_status, delivery_date) VALUES (65, 65, '24, rue Torres, 38946 Fournier-sur-Fabre', 'in_transit', '2025-12-07');
INSERT INTO shipping (id, order_id, address, delivery_status, delivery_date) VALUES (66, 66, '4, avenue Denise Girard, 86406 Roger', 'out_for_delivery', '2026-03-19');
INSERT INTO shipping (id, order_id, address, delivery_status, delivery_date) VALUES (67, 67, '98, rue Pinto, 14923 Rivière', 'delayed', '2026-04-07');
INSERT INTO shipping (id, order_id, address, delivery_status, delivery_date) VALUES (68, 68, 'rue Philippe, 51481 Sainte SylvieBourg', 'delayed', '2026-03-08');
INSERT INTO shipping (id, order_id, address, delivery_status, delivery_date) VALUES (69, 69, 'avenue Rodriguez, 12967 Rivière', 'out_for_delivery', '2025-12-27');
INSERT INTO shipping (id, order_id, address, delivery_status, delivery_date) VALUES (70, 70, '3, avenue de Ramos, 50608 Sainte Maggie', 'in_transit', '2025-12-31');
INSERT INTO shipping (id, order_id, address, delivery_status, delivery_date) VALUES (71, 71, '33, chemin Caroline Gérard, 05728 Chauvet-sur-Moulin', 'delivered', '2026-03-15');
INSERT INTO shipping (id, order_id, address, delivery_status, delivery_date) VALUES (72, 72, '88, rue Guyot, 49240 Bourgeois-sur-Mer', 'in_transit', '2026-03-05');
INSERT INTO shipping (id, order_id, address, delivery_status, delivery_date) VALUES (73, 73, '97, chemin Geneviève Gaudin, 41497 Arnaud', 'delayed', '2026-01-08');
INSERT INTO shipping (id, order_id, address, delivery_status, delivery_date) VALUES (74, 74, '530, avenue Laporte, 45885 Rey-sur-Leroux', 'delivered', '2026-03-04');
INSERT INTO shipping (id, order_id, address, delivery_status, delivery_date) VALUES (75, 75, '94, rue de Salmon, 28689 Monnier-les-Bains', 'delivered', '2026-04-05');
INSERT INTO shipping (id, order_id, address, delivery_status, delivery_date) VALUES (76, 76, '155, chemin de Duhamel, 72245 Roche-sur-Teixeira', 'in_transit', '2026-04-07');
INSERT INTO shipping (id, order_id, address, delivery_status, delivery_date) VALUES (77, 77, '20, rue Marion, 28120 MartelVille', 'delayed', '2025-10-22');
INSERT INTO shipping (id, order_id, address, delivery_status, delivery_date) VALUES (78, 78, '62, rue de Breton, 08122 Coste', 'delivered', '2026-03-18');
INSERT INTO shipping (id, order_id, address, delivery_status, delivery_date) VALUES (79, 79, 'chemin de Legrand, 47821 CosteBourg', 'delayed', '2025-11-21');
INSERT INTO shipping (id, order_id, address, delivery_status, delivery_date) VALUES (80, 80, '32, avenue de Riou, 62764 Roger', 'out_for_delivery', '2026-03-09');
INSERT INTO shipping (id, order_id, address, delivery_status, delivery_date) VALUES (81, 81, '526, chemin de Rodriguez, 22846 Sainte Claude', 'in_transit', '2026-03-01');
INSERT INTO shipping (id, order_id, address, delivery_status, delivery_date) VALUES (82, 82, '459, boulevard de Duval, 63244 Vallet', 'delayed', '2026-03-03');
INSERT INTO shipping (id, order_id, address, delivery_status, delivery_date) VALUES (83, 83, '35, rue de Neveu, 85754 Cohen', 'delivered', '2025-10-25');
INSERT INTO shipping (id, order_id, address, delivery_status, delivery_date) VALUES (84, 84, '23, chemin Simone Nicolas, 92101 Sainte Brigitte', 'delivered', '2026-03-09');
INSERT INTO shipping (id, order_id, address, delivery_status, delivery_date) VALUES (85, 85, '77, boulevard Alexandria Roussel, 61907 Gilles-sur-Thierry', 'delayed', '2026-04-07');
INSERT INTO shipping (id, order_id, address, delivery_status, delivery_date) VALUES (86, 86, '11, rue Timothée Bertin, 14175 Picard', 'in_transit', '2026-02-21');
INSERT INTO shipping (id, order_id, address, delivery_status, delivery_date) VALUES (87, 87, '9, chemin Valentin, 78594 Sainte Marcelle', 'delayed', '2026-01-24');
INSERT INTO shipping (id, order_id, address, delivery_status, delivery_date) VALUES (88, 88, '12, chemin Leclerc, 24519 Mace-la-Forêt', 'out_for_delivery', '2026-04-04');
INSERT INTO shipping (id, order_id, address, delivery_status, delivery_date) VALUES (89, 89, '11, boulevard Emmanuelle Marin, 20155 Bernard', 'delivered', '2026-01-21');
INSERT INTO shipping (id, order_id, address, delivery_status, delivery_date) VALUES (90, 90, 'boulevard Christiane Bourgeois, 13126 Picard', 'delayed', '2026-01-30');
INSERT INTO shipping (id, order_id, address, delivery_status, delivery_date) VALUES (91, 91, 'rue Thibault Chauvin, 60600 Robin', 'delayed', '2025-12-02');
INSERT INTO shipping (id, order_id, address, delivery_status, delivery_date) VALUES (92, 92, '66, avenue Bertrand, 33550 Charles-sur-Mer', 'out_for_delivery', '2025-11-25');
INSERT INTO shipping (id, order_id, address, delivery_status, delivery_date) VALUES (93, 93, '3, rue de Clément, 85452 Pasquier-sur-Mer', 'in_transit', '2026-03-16');
INSERT INTO shipping (id, order_id, address, delivery_status, delivery_date) VALUES (94, 94, '868, rue de Ollivier, 38180 DelannoyVille', 'delivered', '2025-11-21');
INSERT INTO shipping (id, order_id, address, delivery_status, delivery_date) VALUES (95, 95, 'rue Jacques Lecomte, 24229 Sainte Édouard', 'in_transit', '2026-03-20');
INSERT INTO shipping (id, order_id, address, delivery_status, delivery_date) VALUES (96, 96, '59, rue Emmanuel Chevallier, 71506 Germain-la-Forêt', 'label_created', '2026-01-15');
INSERT INTO shipping (id, order_id, address, delivery_status, delivery_date) VALUES (97, 97, 'boulevard de Coste, 66900 Marienec', 'delivered', '2025-11-11');
INSERT INTO shipping (id, order_id, address, delivery_status, delivery_date) VALUES (98, 98, '299, boulevard Valette, 13904 Regnier', 'label_created', '2026-01-08');
INSERT INTO shipping (id, order_id, address, delivery_status, delivery_date) VALUES (99, 99, '86, boulevard de Reynaud, 05276 Antoine', 'label_created', '2026-02-10');
INSERT INTO shipping (id, order_id, address, delivery_status, delivery_date) VALUES (100, 100, '760, rue Benoît Vallet, 60375 Lefebvre', 'delayed', '2025-12-25');
INSERT INTO shipping (id, order_id, address, delivery_status, delivery_date) VALUES (101, 101, '84, rue de Dumas, 18407 Beckerboeuf', 'in_transit', '2025-11-30');
INSERT INTO shipping (id, order_id, address, delivery_status, delivery_date) VALUES (102, 102, '29, avenue Lecomte, 52858 Thierryboeuf', 'label_created', '2025-12-26');
INSERT INTO shipping (id, order_id, address, delivery_status, delivery_date) VALUES (103, 103, '51, boulevard de Antoine, 18899 ColasVille', 'in_transit', '2026-01-16');
INSERT INTO shipping (id, order_id, address, delivery_status, delivery_date) VALUES (104, 104, '40, avenue Girard, 46821 Paris', 'out_for_delivery', '2025-10-24');
INSERT INTO shipping (id, order_id, address, delivery_status, delivery_date) VALUES (105, 105, '161, chemin Camus, 76556 Reynaud', 'out_for_delivery', '2026-01-26');
INSERT INTO shipping (id, order_id, address, delivery_status, delivery_date) VALUES (106, 106, '24, rue Alice Girard, 20974 Valette-sur-Benoit', 'in_transit', '2025-10-22');
INSERT INTO shipping (id, order_id, address, delivery_status, delivery_date) VALUES (107, 107, '53, avenue de Blanchet, 03985 Sainte Gilles', 'out_for_delivery', '2026-01-04');
INSERT INTO shipping (id, order_id, address, delivery_status, delivery_date) VALUES (108, 108, '4, boulevard Susan Schneider, 91826 Briand', 'in_transit', '2026-03-16');
INSERT INTO shipping (id, order_id, address, delivery_status, delivery_date) VALUES (109, 109, '44, chemin Margaret Dijoux, 79506 Henry-sur-Robert', 'delivered', '2025-10-31');
INSERT INTO shipping (id, order_id, address, delivery_status, delivery_date) VALUES (110, 110, '594, rue de Leduc, 09444 Riou', 'label_created', '2026-02-26');
INSERT INTO shipping (id, order_id, address, delivery_status, delivery_date) VALUES (111, 111, '44, boulevard Salmon, 30158 Antoine-sur-Peltier', 'label_created', '2026-01-27');
INSERT INTO shipping (id, order_id, address, delivery_status, delivery_date) VALUES (112, 112, '80, chemin Astrid Lebon, 49854 Saint Zacharie', 'in_transit', '2026-04-12');
INSERT INTO shipping (id, order_id, address, delivery_status, delivery_date) VALUES (113, 113, '975, rue Zoé Descamps, 71285 Pereira', 'delayed', '2026-02-25');
INSERT INTO shipping (id, order_id, address, delivery_status, delivery_date) VALUES (114, 114, '38, chemin de Bègue, 12327 Hubert', 'delayed', '2025-11-12');
INSERT INTO shipping (id, order_id, address, delivery_status, delivery_date) VALUES (115, 115, '55, chemin de Barthelemy, 16581 Saint Charlotte', 'label_created', '2025-12-22');
INSERT INTO shipping (id, order_id, address, delivery_status, delivery_date) VALUES (116, 116, '7, chemin de Pasquier, 07991 Dos Santos', 'in_transit', '2026-02-19');
INSERT INTO shipping (id, order_id, address, delivery_status, delivery_date) VALUES (117, 117, '89, chemin Auger, 23897 Sainte Xavier-les-Bains', 'label_created', '2026-02-26');
INSERT INTO shipping (id, order_id, address, delivery_status, delivery_date) VALUES (118, 118, '1, chemin Marc Samson, 97431 Salmon-sur-Leroux', 'in_transit', '2025-12-06');
INSERT INTO shipping (id, order_id, address, delivery_status, delivery_date) VALUES (119, 119, 'boulevard Gay, 81539 Gilbertdan', 'delayed', '2026-03-25');
INSERT INTO shipping (id, order_id, address, delivery_status, delivery_date) VALUES (120, 120, 'boulevard Bourgeois, 93482 Sainte Olivie', 'label_created', '2026-01-22');
INSERT INTO shipping (id, order_id, address, delivery_status, delivery_date) VALUES (121, 121, 'rue de Toussaint, 93354 Lemonnier', 'delivered', '2026-03-13');
INSERT INTO shipping (id, order_id, address, delivery_status, delivery_date) VALUES (122, 122, '71, boulevard de Schneider, 21166 Sainte Stéphane', 'delayed', '2026-02-07');
INSERT INTO shipping (id, order_id, address, delivery_status, delivery_date) VALUES (123, 123, '698, rue Zacharie Camus, 45868 Gaillard', 'delayed', '2026-04-01');
INSERT INTO shipping (id, order_id, address, delivery_status, delivery_date) VALUES (124, 124, 'rue Petitjean, 17316 Saint Gérard', 'in_transit', '2025-11-02');
INSERT INTO shipping (id, order_id, address, delivery_status, delivery_date) VALUES (125, 125, '7, chemin de Pires, 68738 Saint Margaud', 'out_for_delivery', '2025-10-20');
INSERT INTO shipping (id, order_id, address, delivery_status, delivery_date) VALUES (126, 126, '1, rue de Delattre, 56489 Sainte Christelle-les-Bains', 'label_created', '2026-01-07');
INSERT INTO shipping (id, order_id, address, delivery_status, delivery_date) VALUES (127, 127, '5, rue Margaud Dijoux, 34737 Bonnin-sur-Dos Santos', 'out_for_delivery', '2025-10-28');
INSERT INTO shipping (id, order_id, address, delivery_status, delivery_date) VALUES (128, 128, 'boulevard de Lemaire, 36216 Sainte Louis-sur-Mer', 'delayed', '2026-03-20');
INSERT INTO shipping (id, order_id, address, delivery_status, delivery_date) VALUES (129, 129, '75, rue Augustin Lévy, 63312 Rémy-sur-Mer', 'in_transit', '2026-02-25');
INSERT INTO shipping (id, order_id, address, delivery_status, delivery_date) VALUES (130, 130, 'rue de Masson, 73785 GérardBourg', 'delayed', '2026-04-03');
INSERT INTO shipping (id, order_id, address, delivery_status, delivery_date) VALUES (131, 131, '5, rue de Pineau, 37370 GirardBourg', 'label_created', '2026-03-18');
INSERT INTO shipping (id, order_id, address, delivery_status, delivery_date) VALUES (132, 132, 'chemin Suzanne Labbé, 40536 Saint ClaudeVille', 'delayed', '2025-12-21');
INSERT INTO shipping (id, order_id, address, delivery_status, delivery_date) VALUES (133, 133, '65, boulevard René Peron, 12481 Vidal', 'delayed', '2025-11-17');
INSERT INTO shipping (id, order_id, address, delivery_status, delivery_date) VALUES (134, 134, '57, avenue Susanne De Oliveira, 83916 Marie', 'label_created', '2025-12-24');
INSERT INTO shipping (id, order_id, address, delivery_status, delivery_date) VALUES (135, 135, '3, avenue Maury, 61921 Potier-sur-Navarro', 'delivered', '2025-12-02');
INSERT INTO shipping (id, order_id, address, delivery_status, delivery_date) VALUES (136, 136, '15, rue de Guillet, 62215 BesnardVille', 'delivered', '2025-12-22');
INSERT INTO shipping (id, order_id, address, delivery_status, delivery_date) VALUES (137, 137, '90, boulevard de Ramos, 72329 Paul', 'out_for_delivery', '2025-12-10');
INSERT INTO shipping (id, order_id, address, delivery_status, delivery_date) VALUES (138, 138, '67, avenue de Gérard, 71727 Saint Lucy', 'out_for_delivery', '2026-02-07');
INSERT INTO shipping (id, order_id, address, delivery_status, delivery_date) VALUES (139, 139, '37, avenue Lebrun, 30438 Girard', 'out_for_delivery', '2025-12-01');
INSERT INTO shipping (id, order_id, address, delivery_status, delivery_date) VALUES (140, 140, '46, avenue Hebert, 73558 Sainte Carolineboeuf', 'label_created', '2026-02-17');
INSERT INTO shipping (id, order_id, address, delivery_status, delivery_date) VALUES (141, 141, '2, avenue Auguste Pascal, 70100 Sainte Danielle-sur-Mer', 'out_for_delivery', '2026-03-24');
INSERT INTO shipping (id, order_id, address, delivery_status, delivery_date) VALUES (142, 142, '40, chemin Gabrielle Gosselin, 79714 Augerboeuf', 'label_created', '2026-02-05');
INSERT INTO shipping (id, order_id, address, delivery_status, delivery_date) VALUES (143, 143, 'rue Bernard, 43463 Lévy', 'delayed', '2025-11-28');
INSERT INTO shipping (id, order_id, address, delivery_status, delivery_date) VALUES (144, 144, '1, avenue Joly, 91860 Gautier-la-Forêt', 'in_transit', '2026-03-10');
INSERT INTO shipping (id, order_id, address, delivery_status, delivery_date) VALUES (145, 145, '7, avenue Aubert, 91446 Sainte BenjaminBourg', 'delivered', '2025-10-17');
INSERT INTO shipping (id, order_id, address, delivery_status, delivery_date) VALUES (146, 146, '882, boulevard Guyon, 07666 Marydan', 'in_transit', '2026-02-16');
INSERT INTO shipping (id, order_id, address, delivery_status, delivery_date) VALUES (147, 147, '222, boulevard Julie Lebrun, 64493 Raynaud-sur-Mer', 'delivered', '2025-12-27');
INSERT INTO shipping (id, order_id, address, delivery_status, delivery_date) VALUES (148, 148, '84, rue Pasquier, 77816 Ribeiroboeuf', 'out_for_delivery', '2025-12-15');
INSERT INTO shipping (id, order_id, address, delivery_status, delivery_date) VALUES (149, 149, '59, chemin de Maillet, 17827 Gaudin', 'label_created', '2026-02-20');
INSERT INTO shipping (id, order_id, address, delivery_status, delivery_date) VALUES (150, 150, '6, avenue de Guillon, 73783 Parent-la-Forêt', 'label_created', '2025-11-17');
INSERT INTO shipping (id, order_id, address, delivery_status, delivery_date) VALUES (151, 151, 'rue de Laurent, 48248 Saint Luc', 'out_for_delivery', '2025-11-22');
INSERT INTO shipping (id, order_id, address, delivery_status, delivery_date) VALUES (152, 152, '34, chemin Martins, 97179 Sainte Sylvie', 'delivered', '2026-04-17');
INSERT INTO shipping (id, order_id, address, delivery_status, delivery_date) VALUES (153, 153, 'boulevard de Hubert, 95762 Perrier-sur-Mer', 'delivered', '2026-01-05');
INSERT INTO shipping (id, order_id, address, delivery_status, delivery_date) VALUES (154, 154, '7, avenue Simone Pottier, 40665 Saint Noémi', 'label_created', '2025-11-25');
INSERT INTO shipping (id, order_id, address, delivery_status, delivery_date) VALUES (155, 155, '673, boulevard de Rousset, 77301 Cousin', 'out_for_delivery', '2025-12-12');
INSERT INTO shipping (id, order_id, address, delivery_status, delivery_date) VALUES (156, 156, '3, boulevard Mathieu, 48141 Lopes-la-Forêt', 'label_created', '2025-12-25');
INSERT INTO shipping (id, order_id, address, delivery_status, delivery_date) VALUES (157, 157, '640, rue Augustin Brunet, 41711 Sainte Claudine', 'out_for_delivery', '2026-01-02');
INSERT INTO shipping (id, order_id, address, delivery_status, delivery_date) VALUES (158, 158, 'chemin de Laine, 28288 Mercier-les-Bains', 'out_for_delivery', '2025-10-25');
INSERT INTO shipping (id, order_id, address, delivery_status, delivery_date) VALUES (159, 159, '661, rue Dupré, 42439 Cousin', 'delivered', '2026-03-06');
INSERT INTO shipping (id, order_id, address, delivery_status, delivery_date) VALUES (160, 160, '178, chemin Cohen, 30757 Loiseau-sur-Berger', 'delivered', '2025-11-07');
INSERT INTO shipping (id, order_id, address, delivery_status, delivery_date) VALUES (161, 161, '26, chemin Élodie Ramos, 36125 Piresboeuf', 'in_transit', '2026-01-07');
INSERT INTO shipping (id, order_id, address, delivery_status, delivery_date) VALUES (162, 162, '5, rue de Lebrun, 65184 Saint PénélopeVille', 'delivered', '2025-10-28');
INSERT INTO shipping (id, order_id, address, delivery_status, delivery_date) VALUES (163, 163, '26, boulevard Boutin, 94893 JourdanBourg', 'delayed', '2025-11-01');
INSERT INTO shipping (id, order_id, address, delivery_status, delivery_date) VALUES (164, 164, 'chemin Auguste Fernandez, 10155 Deschamps', 'label_created', '2025-12-19');
INSERT INTO shipping (id, order_id, address, delivery_status, delivery_date) VALUES (165, 165, '74, avenue Louise Lebon, 55423 Sainte Margot', 'label_created', '2026-02-09');
INSERT INTO shipping (id, order_id, address, delivery_status, delivery_date) VALUES (166, 166, '2, boulevard de Lambert, 89968 Sainte ConstanceBourg', 'delayed', '2026-02-17');
INSERT INTO shipping (id, order_id, address, delivery_status, delivery_date) VALUES (167, 167, '29, avenue Alex Delaunay, 84131 Barbier-sur-Mer', 'delayed', '2026-01-18');
INSERT INTO shipping (id, order_id, address, delivery_status, delivery_date) VALUES (168, 168, '58, rue de Léger, 86914 Dubois', 'out_for_delivery', '2025-12-25');
INSERT INTO shipping (id, order_id, address, delivery_status, delivery_date) VALUES (169, 169, 'rue Baudry, 76503 LévyBourg', 'label_created', '2025-12-16');
INSERT INTO shipping (id, order_id, address, delivery_status, delivery_date) VALUES (170, 170, '73, boulevard de Blanchard, 20288 Chauvet', 'out_for_delivery', '2025-11-27');
INSERT INTO shipping (id, order_id, address, delivery_status, delivery_date) VALUES (171, 171, '3, boulevard de Vincent, 97180 ImbertBourg', 'delivered', '2026-02-21');
INSERT INTO shipping (id, order_id, address, delivery_status, delivery_date) VALUES (172, 172, '5, rue Pages, 74598 Hamon', 'delivered', '2025-10-28');
INSERT INTO shipping (id, order_id, address, delivery_status, delivery_date) VALUES (173, 173, '51, rue de Leclercq, 40597 Boulanger-la-Forêt', 'delivered', '2026-04-08');
INSERT INTO shipping (id, order_id, address, delivery_status, delivery_date) VALUES (174, 174, '755, rue Bouvier, 31904 Mendès', 'delivered', '2026-04-05');
INSERT INTO shipping (id, order_id, address, delivery_status, delivery_date) VALUES (175, 175, '62, avenue Caroline Pelletier, 97449 CourtoisBourg', 'out_for_delivery', '2026-02-17');
INSERT INTO shipping (id, order_id, address, delivery_status, delivery_date) VALUES (176, 176, '314, rue de Charles, 93741 Saint AlfredVille', 'delivered', '2025-10-25');
INSERT INTO shipping (id, order_id, address, delivery_status, delivery_date) VALUES (177, 177, '90, boulevard Élodie Georges, 83893 Poulain', 'label_created', '2026-02-15');
INSERT INTO shipping (id, order_id, address, delivery_status, delivery_date) VALUES (178, 178, '842, boulevard de Robin, 50472 Dubois-sur-Mer', 'delivered', '2026-02-09');
INSERT INTO shipping (id, order_id, address, delivery_status, delivery_date) VALUES (179, 179, '37, boulevard Moreno, 84993 Guyon', 'delayed', '2025-11-08');
INSERT INTO shipping (id, order_id, address, delivery_status, delivery_date) VALUES (180, 180, '4, rue Christophe Aubry, 47339 Saint Diane', 'label_created', '2026-03-14');
INSERT INTO shipping (id, order_id, address, delivery_status, delivery_date) VALUES (181, 181, '17, chemin Henry, 90633 Traore', 'delayed', '2026-03-21');
INSERT INTO shipping (id, order_id, address, delivery_status, delivery_date) VALUES (182, 182, '792, avenue de Poulain, 75769 Sainte Alexandria-sur-Mer', 'label_created', '2026-01-23');
INSERT INTO shipping (id, order_id, address, delivery_status, delivery_date) VALUES (183, 183, '87, rue de Charrier, 18550 Rolland', 'label_created', '2026-01-07');
INSERT INTO shipping (id, order_id, address, delivery_status, delivery_date) VALUES (184, 184, '33, rue Étienne, 77834 Saint Arnaudeboeuf', 'out_for_delivery', '2026-02-24');
INSERT INTO shipping (id, order_id, address, delivery_status, delivery_date) VALUES (185, 185, '47, rue de Jourdan, 52122 Bertrand', 'delivered', '2025-10-25');
INSERT INTO shipping (id, order_id, address, delivery_status, delivery_date) VALUES (186, 186, '922, boulevard Caron, 08270 Arnaud', 'label_created', '2025-10-23');
INSERT INTO shipping (id, order_id, address, delivery_status, delivery_date) VALUES (187, 187, '204, avenue Seguin, 60988 Picard-sur-Mer', 'in_transit', '2025-11-15');
INSERT INTO shipping (id, order_id, address, delivery_status, delivery_date) VALUES (188, 188, '39, boulevard de Aubry, 21841 De Sousa', 'out_for_delivery', '2026-04-05');
INSERT INTO shipping (id, order_id, address, delivery_status, delivery_date) VALUES (189, 189, '36, rue Renaud, 66980 Pottiernec', 'delivered', '2025-12-23');
INSERT INTO shipping (id, order_id, address, delivery_status, delivery_date) VALUES (190, 190, '3, boulevard Joséphine Morel, 97678 ChrétienBourg', 'delayed', '2025-12-04');
INSERT INTO shipping (id, order_id, address, delivery_status, delivery_date) VALUES (191, 191, '99, avenue Barbe, 53479 Sainte Michel', 'delayed', '2025-12-29');
INSERT INTO shipping (id, order_id, address, delivery_status, delivery_date) VALUES (192, 192, '29, rue Pierre Martel, 97339 Sainte Joséphinenec', 'delivered', '2025-12-26');
INSERT INTO shipping (id, order_id, address, delivery_status, delivery_date) VALUES (193, 193, '1, boulevard de Lemaire, 66107 Bègue-sur-Mer', 'out_for_delivery', '2025-12-17');
INSERT INTO shipping (id, order_id, address, delivery_status, delivery_date) VALUES (194, 194, '31, boulevard Philippe Bertin, 68533 Poulain-sur-Raymond', 'label_created', '2026-02-24');
INSERT INTO shipping (id, order_id, address, delivery_status, delivery_date) VALUES (195, 195, '73, boulevard de Guillet, 22479 Berthelotdan', 'in_transit', '2026-02-07');
INSERT INTO shipping (id, order_id, address, delivery_status, delivery_date) VALUES (196, 196, '356, rue de Letellier, 29557 Roussel', 'delayed', '2025-12-14');
INSERT INTO shipping (id, order_id, address, delivery_status, delivery_date) VALUES (197, 197, '95, rue de Renard, 49751 Saint Valentine', 'delayed', '2025-11-11');
INSERT INTO shipping (id, order_id, address, delivery_status, delivery_date) VALUES (198, 198, '261, rue Alexandrie Chevalier, 77138 Maréchal-la-Forêt', 'out_for_delivery', '2026-02-11');
INSERT INTO shipping (id, order_id, address, delivery_status, delivery_date) VALUES (199, 199, '17, boulevard Renault, 24134 Gros-sur-Blondel', 'delivered', '2025-12-19');
INSERT INTO shipping (id, order_id, address, delivery_status, delivery_date) VALUES (200, 200, '60, rue Barbier, 12382 Benardnec', 'delayed', '2025-12-17');
INSERT INTO returns (id, order_id, product_id, return_date, return_status, refund_amount) VALUES (1, 178, 10, '2026-02-12', 'rejected', 130.26);
INSERT INTO returns (id, order_id, product_id, return_date, return_status, refund_amount) VALUES (2, 126, 58, '2026-01-16', 'rejected', 30.03);
INSERT INTO returns (id, order_id, product_id, return_date, return_status, refund_amount) VALUES (3, 52, 100, '2026-03-08', 'approved', 154.72);
INSERT INTO returns (id, order_id, product_id, return_date, return_status, refund_amount) VALUES (4, 32, 17, '2026-03-10', 'requested', 167.12);
INSERT INTO returns (id, order_id, product_id, return_date, return_status, refund_amount) VALUES (5, 35, 67, '2026-01-28', 'rejected', 37.11);
INSERT INTO returns (id, order_id, product_id, return_date, return_status, refund_amount) VALUES (6, 19, 42, '2026-03-04', 'approved', 72.47);
INSERT INTO returns (id, order_id, product_id, return_date, return_status, refund_amount) VALUES (7, 116, 67, '2026-02-28', 'requested', 53.87);
INSERT INTO returns (id, order_id, product_id, return_date, return_status, refund_amount) VALUES (8, 45, 82, '2025-12-19', 'rejected', 29.41);
INSERT INTO returns (id, order_id, product_id, return_date, return_status, refund_amount) VALUES (9, 183, 39, '2026-01-27', 'requested', 103.0);
INSERT INTO returns (id, order_id, product_id, return_date, return_status, refund_amount) VALUES (10, 114, 22, '2025-11-28', 'approved', 38.38);
INSERT INTO returns (id, order_id, product_id, return_date, return_status, refund_amount) VALUES (11, 23, 80, '2026-01-14', 'rejected', 169.29);
INSERT INTO returns (id, order_id, product_id, return_date, return_status, refund_amount) VALUES (12, 175, 73, '2026-02-13', 'requested', 20.84);
INSERT INTO returns (id, order_id, product_id, return_date, return_status, refund_amount) VALUES (13, 82, 83, '2026-03-24', 'rejected', 131.97);
INSERT INTO returns (id, order_id, product_id, return_date, return_status, refund_amount) VALUES (14, 171, 99, '2026-03-06', 'refunded', 125.53);
INSERT INTO returns (id, order_id, product_id, return_date, return_status, refund_amount) VALUES (15, 89, 4, '2026-02-04', 'rejected', 130.17);
INSERT INTO returns (id, order_id, product_id, return_date, return_status, refund_amount) VALUES (16, 182, 39, '2026-02-09', 'approved', 161.91);
INSERT INTO returns (id, order_id, product_id, return_date, return_status, refund_amount) VALUES (17, 17, 88, '2026-04-13', 'rejected', 93.44);
INSERT INTO returns (id, order_id, product_id, return_date, return_status, refund_amount) VALUES (18, 141, 89, '2026-03-27', 'approved', 90.72);
INSERT INTO returns (id, order_id, product_id, return_date, return_status, refund_amount) VALUES (19, 139, 62, '2025-12-16', 'approved', 71.34);
INSERT INTO returns (id, order_id, product_id, return_date, return_status, refund_amount) VALUES (20, 75, 19, '2026-04-14', 'rejected', 148.17);
INSERT INTO returns (id, order_id, product_id, return_date, return_status, refund_amount) VALUES (21, 77, 45, '2025-11-03', 'approved', 153.33);
INSERT INTO returns (id, order_id, product_id, return_date, return_status, refund_amount) VALUES (22, 41, 66, '2026-04-01', 'requested', 67.23);
INSERT INTO returns (id, order_id, product_id, return_date, return_status, refund_amount) VALUES (23, 164, 60, '2025-12-20', 'rejected', 92.67);
INSERT INTO returns (id, order_id, product_id, return_date, return_status, refund_amount) VALUES (24, 193, 19, '2025-12-21', 'requested', 61.59);
INSERT INTO returns (id, order_id, product_id, return_date, return_status, refund_amount) VALUES (25, 93, 50, '2026-04-04', 'refunded', 53.41);
INSERT INTO returns (id, order_id, product_id, return_date, return_status, refund_amount) VALUES (26, 131, 21, '2026-03-24', 'rejected', 42.02);
INSERT INTO returns (id, order_id, product_id, return_date, return_status, refund_amount) VALUES (27, 58, 21, '2025-11-10', 'refunded', 102.26);
INSERT INTO returns (id, order_id, product_id, return_date, return_status, refund_amount) VALUES (28, 197, 40, '2025-11-29', 'requested', 22.56);
INSERT INTO returns (id, order_id, product_id, return_date, return_status, refund_amount) VALUES (29, 198, 51, '2026-02-27', 'refunded', 193.5);
INSERT INTO returns (id, order_id, product_id, return_date, return_status, refund_amount) VALUES (30, 36, 28, '2025-12-04', 'rejected', 14.49);
INSERT INTO returns (id, order_id, product_id, return_date, return_status, refund_amount) VALUES (31, 61, 37, '2025-12-09', 'refunded', 60.72);
INSERT INTO returns (id, order_id, product_id, return_date, return_status, refund_amount) VALUES (32, 127, 2, '2025-11-01', 'refunded', 31.12);
INSERT INTO returns (id, order_id, product_id, return_date, return_status, refund_amount) VALUES (33, 7, 34, '2025-11-27', 'rejected', 153.95);
INSERT INTO returns (id, order_id, product_id, return_date, return_status, refund_amount) VALUES (34, 176, 47, '2025-10-26', 'refunded', 14.98);
INSERT INTO returns (id, order_id, product_id, return_date, return_status, refund_amount) VALUES (35, 142, 72, '2026-02-10', 'rejected', 112.88);
INSERT INTO returns (id, order_id, product_id, return_date, return_status, refund_amount) VALUES (36, 147, 10, '2026-01-12', 'refunded', 154.06);
INSERT INTO returns (id, order_id, product_id, return_date, return_status, refund_amount) VALUES (37, 95, 36, '2026-04-06', 'requested', 30.09);
INSERT INTO returns (id, order_id, product_id, return_date, return_status, refund_amount) VALUES (38, 120, 13, '2026-02-06', 'rejected', 160.0);
INSERT INTO returns (id, order_id, product_id, return_date, return_status, refund_amount) VALUES (39, 166, 44, '2026-03-08', 'rejected', 152.22);
INSERT INTO returns (id, order_id, product_id, return_date, return_status, refund_amount) VALUES (40, 34, 26, '2025-12-16', 'refunded', 102.52);
INSERT INTO returns (id, order_id, product_id, return_date, return_status, refund_amount) VALUES (41, 157, 6, '2026-01-06', 'approved', 144.15);
INSERT INTO returns (id, order_id, product_id, return_date, return_status, refund_amount) VALUES (42, 190, 61, '2025-12-22', 'refunded', 34.04);
INSERT INTO returns (id, order_id, product_id, return_date, return_status, refund_amount) VALUES (43, 184, 66, '2026-02-27', 'rejected', 186.62);
INSERT INTO returns (id, order_id, product_id, return_date, return_status, refund_amount) VALUES (44, 80, 41, '2026-03-11', 'refunded', 198.17);
INSERT INTO returns (id, order_id, product_id, return_date, return_status, refund_amount) VALUES (45, 102, 95, '2026-01-03', 'rejected', 103.93);
INSERT INTO returns (id, order_id, product_id, return_date, return_status, refund_amount) VALUES (46, 123, 66, '2026-04-13', 'refunded', 143.2);
INSERT INTO returns (id, order_id, product_id, return_date, return_status, refund_amount) VALUES (47, 135, 39, '2025-12-21', 'requested', 76.83);
INSERT INTO returns (id, order_id, product_id, return_date, return_status, refund_amount) VALUES (48, 106, 87, '2025-10-29', 'refunded', 118.82);
INSERT INTO returns (id, order_id, product_id, return_date, return_status, refund_amount) VALUES (49, 105, 93, '2026-02-19', 'requested', 121.4);
INSERT INTO returns (id, order_id, product_id, return_date, return_status, refund_amount) VALUES (50, 148, 34, '2026-01-05', 'approved', 145.67);
INSERT INTO support_tickets (id, customer_id, ticket_date, subject, description, ticket_status) VALUES (1, 50, '2026-02-01', 'Retour produit Produit 62 en attente', 'Le client a expédié le retour du produit Produit 62 et attend la confirmation de réception.', 'closed');
INSERT INTO support_tickets (id, customer_id, ticket_date, subject, description, ticket_status) VALUES (2, 8, '2026-04-05', 'Code promo non reconnu lors du paiement', 'Le code promotionnel saisi ne s''applique pas au panier actuel du client.', 'open');
INSERT INTO support_tickets (id, customer_id, ticket_date, subject, description, ticket_status) VALUES (3, 59, '2026-02-28', 'Assistance technique pour la connexion au compte', 'Le client ne parvient pas à se connecter à son espace personnel malgré plusieurs tentatives.', 'closed');
INSERT INTO support_tickets (id, customer_id, ticket_date, subject, description, ticket_status) VALUES (4, 24, '2026-02-16', 'Code promo non reconnu lors du paiement', 'Le code promotionnel saisi ne s''applique pas au panier actuel du client.', 'closed');
INSERT INTO support_tickets (id, customer_id, ticket_date, subject, description, ticket_status) VALUES (5, 69, '2026-01-09', 'Problème de paiement sur la commande #189', 'Sébastien Jacquet indique que le paiement par carte a été refusé pour la commande #189.', 'in_progress');
INSERT INTO support_tickets (id, customer_id, ticket_date, subject, description, ticket_status) VALUES (6, 72, '2026-02-27', 'Demande d''information sur le remboursement de la commande #133', 'Le client souhaite connaître la date prévue de remboursement pour la commande #133.', 'closed');
INSERT INTO support_tickets (id, customer_id, ticket_date, subject, description, ticket_status) VALUES (7, 93, '2026-03-18', 'Impossible de suivre la livraison de la commande #135', 'Le lien de suivi ne fournit plus d''information pour la commande #135.', 'closed');
INSERT INTO support_tickets (id, customer_id, ticket_date, subject, description, ticket_status) VALUES (8, 96, '2026-02-23', 'Demande d''information sur le remboursement de la commande #137', 'Le client souhaite connaître la date prévue de remboursement pour la commande #137.', 'resolved');
INSERT INTO support_tickets (id, customer_id, ticket_date, subject, description, ticket_status) VALUES (9, 4, '2026-03-09', 'Code promo non reconnu lors du paiement', 'Le code promotionnel saisi ne s''applique pas au panier actuel du client.', 'resolved');
INSERT INTO support_tickets (id, customer_id, ticket_date, subject, description, ticket_status) VALUES (10, 41, '2025-12-10', 'Code promo non reconnu lors du paiement', 'Le code promotionnel saisi ne s''applique pas au panier actuel du client.', 'resolved');
INSERT INTO support_tickets (id, customer_id, ticket_date, subject, description, ticket_status) VALUES (11, 42, '2026-01-11', 'Code promo non reconnu lors du paiement', 'Le code promotionnel saisi ne s''applique pas au panier actuel du client.', 'closed');
INSERT INTO support_tickets (id, customer_id, ticket_date, subject, description, ticket_status) VALUES (12, 4, '2026-01-28', 'Impossible de suivre la livraison de la commande #82', 'Le lien de suivi ne fournit plus d''information pour la commande #82.', 'resolved');
INSERT INTO support_tickets (id, customer_id, ticket_date, subject, description, ticket_status) VALUES (13, 71, '2026-01-13', 'Erreur de paiement via Apple Pay', 'Une erreur est survenue lors du paiement par Apple Pay, entraînant l''annulation de la commande.', 'closed');
INSERT INTO support_tickets (id, customer_id, ticket_date, subject, description, ticket_status) VALUES (14, 47, '2026-03-03', 'Retour produit Produit 45 en attente', 'Le client a expédié le retour du produit Produit 45 et attend la confirmation de réception.', 'open');
INSERT INTO support_tickets (id, customer_id, ticket_date, subject, description, ticket_status) VALUES (15, 71, '2026-02-24', 'Adresse de livraison à corriger pour la commande #74', 'Le client souhaite mettre à jour l''adresse de livraison avant l''expédition de la commande #74.', 'closed');
INSERT INTO support_tickets (id, customer_id, ticket_date, subject, description, ticket_status) VALUES (16, 36, '2026-03-13', 'Assistance technique pour la connexion au compte', 'Le client ne parvient pas à se connecter à son espace personnel malgré plusieurs tentatives.', 'in_progress');
INSERT INTO support_tickets (id, customer_id, ticket_date, subject, description, ticket_status) VALUES (17, 34, '2026-01-10', 'Demande d''information sur le remboursement de la commande #138', 'Le client souhaite connaître la date prévue de remboursement pour la commande #138.', 'resolved');
INSERT INTO support_tickets (id, customer_id, ticket_date, subject, description, ticket_status) VALUES (18, 7, '2026-01-05', 'Erreur de paiement via Apple Pay', 'Une erreur est survenue lors du paiement par Apple Pay, entraînant l''annulation de la commande.', 'in_progress');
INSERT INTO support_tickets (id, customer_id, ticket_date, subject, description, ticket_status) VALUES (19, 27, '2026-03-12', 'Demande d''information sur le remboursement de la commande #63', 'Le client souhaite connaître la date prévue de remboursement pour la commande #63.', 'in_progress');
INSERT INTO support_tickets (id, customer_id, ticket_date, subject, description, ticket_status) VALUES (20, 53, '2026-02-26', 'Erreur de quantité sur la commande #14', 'Le colis reçu ne contient pas la quantité attendue pour la commande #14.', 'closed');
INSERT INTO support_tickets (id, customer_id, ticket_date, subject, description, ticket_status) VALUES (21, 22, '2026-04-09', 'Retour produit Produit 88 en attente', 'Le client a expédié le retour du produit Produit 88 et attend la confirmation de réception.', 'in_progress');
INSERT INTO support_tickets (id, customer_id, ticket_date, subject, description, ticket_status) VALUES (22, 93, '2026-02-07', 'Assistance technique pour la connexion au compte', 'Le client ne parvient pas à se connecter à son espace personnel malgré plusieurs tentatives.', 'in_progress');
INSERT INTO support_tickets (id, customer_id, ticket_date, subject, description, ticket_status) VALUES (23, 56, '2026-03-04', 'Impossible de suivre la livraison de la commande #194', 'Le lien de suivi ne fournit plus d''information pour la commande #194.', 'open');
INSERT INTO support_tickets (id, customer_id, ticket_date, subject, description, ticket_status) VALUES (24, 56, '2026-03-11', 'Erreur de paiement via Apple Pay', 'Une erreur est survenue lors du paiement par Apple Pay, entraînant l''annulation de la commande.', 'open');
INSERT INTO support_tickets (id, customer_id, ticket_date, subject, description, ticket_status) VALUES (25, 73, '2025-12-11', 'Retour produit Produit 54 en attente', 'Le client a expédié le retour du produit Produit 54 et attend la confirmation de réception.', 'open');
INSERT INTO support_tickets (id, customer_id, ticket_date, subject, description, ticket_status) VALUES (26, 47, '2025-12-11', 'Retour produit Produit 64 en attente', 'Le client a expédié le retour du produit Produit 64 et attend la confirmation de réception.', 'resolved');
INSERT INTO support_tickets (id, customer_id, ticket_date, subject, description, ticket_status) VALUES (27, 31, '2026-01-27', 'Produit Produit 2 reçu endommagé', 'Françoise Wagner Le Martins signale des dommages visibles sur le produit Produit 2 à la réception.', 'open');
INSERT INTO support_tickets (id, customer_id, ticket_date, subject, description, ticket_status) VALUES (28, 29, '2026-01-17', 'Assistance technique pour la connexion au compte', 'Le client ne parvient pas à se connecter à son espace personnel malgré plusieurs tentatives.', 'closed');
INSERT INTO support_tickets (id, customer_id, ticket_date, subject, description, ticket_status) VALUES (29, 96, '2026-03-06', 'Assistance technique pour la connexion au compte', 'Le client ne parvient pas à se connecter à son espace personnel malgré plusieurs tentatives.', 'in_progress');
INSERT INTO support_tickets (id, customer_id, ticket_date, subject, description, ticket_status) VALUES (30, 1, '2026-01-06', 'Retour produit Produit 43 en attente', 'Le client a expédié le retour du produit Produit 43 et attend la confirmation de réception.', 'closed');
INSERT INTO support_tickets (id, customer_id, ticket_date, subject, description, ticket_status) VALUES (31, 42, '2026-04-08', 'Retour produit Produit 33 en attente', 'Le client a expédié le retour du produit Produit 33 et attend la confirmation de réception.', 'resolved');
INSERT INTO support_tickets (id, customer_id, ticket_date, subject, description, ticket_status) VALUES (32, 47, '2026-03-18', 'Code promo non reconnu lors du paiement', 'Le code promotionnel saisi ne s''applique pas au panier actuel du client.', 'closed');
INSERT INTO support_tickets (id, customer_id, ticket_date, subject, description, ticket_status) VALUES (33, 87, '2026-03-29', 'Impossible de suivre la livraison de la commande #110', 'Le lien de suivi ne fournit plus d''information pour la commande #110.', 'closed');
INSERT INTO support_tickets (id, customer_id, ticket_date, subject, description, ticket_status) VALUES (34, 100, '2026-03-23', 'Retour produit Produit 13 en attente', 'Le client a expédié le retour du produit Produit 13 et attend la confirmation de réception.', 'closed');
INSERT INTO support_tickets (id, customer_id, ticket_date, subject, description, ticket_status) VALUES (35, 53, '2026-03-07', 'Problème de paiement sur la commande #83', 'Louis Allain indique que le paiement par carte a été refusé pour la commande #83.', 'closed');
INSERT INTO support_tickets (id, customer_id, ticket_date, subject, description, ticket_status) VALUES (36, 14, '2026-02-26', 'Produit Produit 58 reçu endommagé', 'Richard Merle signale des dommages visibles sur le produit Produit 58 à la réception.', 'resolved');
INSERT INTO support_tickets (id, customer_id, ticket_date, subject, description, ticket_status) VALUES (37, 50, '2026-04-08', 'Erreur de paiement via Apple Pay', 'Une erreur est survenue lors du paiement par Apple Pay, entraînant l''annulation de la commande.', 'resolved');
INSERT INTO support_tickets (id, customer_id, ticket_date, subject, description, ticket_status) VALUES (38, 36, '2026-04-02', 'Code promo non reconnu lors du paiement', 'Le code promotionnel saisi ne s''applique pas au panier actuel du client.', 'open');
INSERT INTO support_tickets (id, customer_id, ticket_date, subject, description, ticket_status) VALUES (39, 87, '2026-02-17', 'Retour produit Produit 40 en attente', 'Le client a expédié le retour du produit Produit 40 et attend la confirmation de réception.', 'resolved');
INSERT INTO support_tickets (id, customer_id, ticket_date, subject, description, ticket_status) VALUES (40, 73, '2026-02-21', 'Produit Produit 16 reçu endommagé', 'Robert Sanchez signale des dommages visibles sur le produit Produit 16 à la réception.', 'in_progress');
INSERT INTO support_tickets (id, customer_id, ticket_date, subject, description, ticket_status) VALUES (41, 79, '2026-03-21', 'Assistance technique pour la connexion au compte', 'Le client ne parvient pas à se connecter à son espace personnel malgré plusieurs tentatives.', 'closed');
INSERT INTO support_tickets (id, customer_id, ticket_date, subject, description, ticket_status) VALUES (42, 14, '2026-02-15', 'Impossible de suivre la livraison de la commande #192', 'Le lien de suivi ne fournit plus d''information pour la commande #192.', 'closed');
INSERT INTO support_tickets (id, customer_id, ticket_date, subject, description, ticket_status) VALUES (43, 56, '2026-01-02', 'Code promo non reconnu lors du paiement', 'Le code promotionnel saisi ne s''applique pas au panier actuel du client.', 'in_progress');
INSERT INTO support_tickets (id, customer_id, ticket_date, subject, description, ticket_status) VALUES (44, 20, '2025-12-19', 'Erreur de paiement via Apple Pay', 'Une erreur est survenue lors du paiement par Apple Pay, entraînant l''annulation de la commande.', 'open');
INSERT INTO support_tickets (id, customer_id, ticket_date, subject, description, ticket_status) VALUES (45, 93, '2026-01-09', 'Demande d''information sur le remboursement de la commande #135', 'Le client souhaite connaître la date prévue de remboursement pour la commande #135.', 'resolved');
INSERT INTO support_tickets (id, customer_id, ticket_date, subject, description, ticket_status) VALUES (46, 25, '2026-04-02', 'Adresse de livraison à corriger pour la commande #20', 'Le client souhaite mettre à jour l''adresse de livraison avant l''expédition de la commande #20.', 'in_progress');
INSERT INTO support_tickets (id, customer_id, ticket_date, subject, description, ticket_status) VALUES (47, 54, '2026-03-19', 'Retour produit Produit 69 en attente', 'Le client a expédié le retour du produit Produit 69 et attend la confirmation de réception.', 'resolved');
INSERT INTO support_tickets (id, customer_id, ticket_date, subject, description, ticket_status) VALUES (48, 97, '2026-01-12', 'Adresse de livraison à corriger pour la commande #134', 'Le client souhaite mettre à jour l''adresse de livraison avant l''expédition de la commande #134.', 'in_progress');
INSERT INTO support_tickets (id, customer_id, ticket_date, subject, description, ticket_status) VALUES (49, 92, '2026-03-29', 'Assistance technique pour la connexion au compte', 'Le client ne parvient pas à se connecter à son espace personnel malgré plusieurs tentatives.', 'closed');
INSERT INTO support_tickets (id, customer_id, ticket_date, subject, description, ticket_status) VALUES (50, 13, '2026-02-03', 'Retour produit Produit 59 en attente', 'Le client a expédié le retour du produit Produit 59 et attend la confirmation de réception.', 'closed');
INSERT INTO support_tickets (id, customer_id, ticket_date, subject, description, ticket_status) VALUES (51, 61, '2026-01-28', 'Problème de paiement sur la commande #117', 'Suzanne Nguyen indique que le paiement par carte a été refusé pour la commande #117.', 'closed');
INSERT INTO support_tickets (id, customer_id, ticket_date, subject, description, ticket_status) VALUES (52, 97, '2026-02-18', 'Problème de paiement sur la commande #173', 'Yves-Vincent Bazin indique que le paiement par carte a été refusé pour la commande #173.', 'resolved');
INSERT INTO support_tickets (id, customer_id, ticket_date, subject, description, ticket_status) VALUES (53, 84, '2026-01-25', 'Code promo non reconnu lors du paiement', 'Le code promotionnel saisi ne s''applique pas au panier actuel du client.', 'open');
INSERT INTO support_tickets (id, customer_id, ticket_date, subject, description, ticket_status) VALUES (54, 93, '2026-01-10', 'Impossible de suivre la livraison de la commande #12', 'Le lien de suivi ne fournit plus d''information pour la commande #12.', 'open');
INSERT INTO support_tickets (id, customer_id, ticket_date, subject, description, ticket_status) VALUES (55, 99, '2025-12-11', 'Adresse de livraison à corriger pour la commande #139', 'Le client souhaite mettre à jour l''adresse de livraison avant l''expédition de la commande #139.', 'closed');
INSERT INTO support_tickets (id, customer_id, ticket_date, subject, description, ticket_status) VALUES (56, 43, '2026-03-17', 'Erreur de quantité sur la commande #9', 'Le colis reçu ne contient pas la quantité attendue pour la commande #9.', 'in_progress');
INSERT INTO support_tickets (id, customer_id, ticket_date, subject, description, ticket_status) VALUES (57, 56, '2026-02-21', 'Erreur de quantité sur la commande #197', 'Le colis reçu ne contient pas la quantité attendue pour la commande #197.', 'closed');
INSERT INTO support_tickets (id, customer_id, ticket_date, subject, description, ticket_status) VALUES (58, 60, '2026-03-30', 'Erreur de quantité sur la commande #115', 'Le colis reçu ne contient pas la quantité attendue pour la commande #115.', 'in_progress');
INSERT INTO support_tickets (id, customer_id, ticket_date, subject, description, ticket_status) VALUES (59, 36, '2026-03-18', 'Adresse de livraison à corriger pour la commande #168', 'Le client souhaite mettre à jour l''adresse de livraison avant l''expédition de la commande #168.', 'closed');
INSERT INTO support_tickets (id, customer_id, ticket_date, subject, description, ticket_status) VALUES (60, 71, '2025-12-24', 'Code promo non reconnu lors du paiement', 'Le code promotionnel saisi ne s''applique pas au panier actuel du client.', 'open');
INSERT INTO support_tickets (id, customer_id, ticket_date, subject, description, ticket_status) VALUES (61, 56, '2026-02-09', 'Produit Produit 3 reçu endommagé', 'Thierry Brunet signale des dommages visibles sur le produit Produit 3 à la réception.', 'closed');
INSERT INTO support_tickets (id, customer_id, ticket_date, subject, description, ticket_status) VALUES (62, 96, '2026-03-09', 'Code promo non reconnu lors du paiement', 'Le code promotionnel saisi ne s''applique pas au panier actuel du client.', 'closed');
INSERT INTO support_tickets (id, customer_id, ticket_date, subject, description, ticket_status) VALUES (63, 52, '2026-03-16', 'Produit Produit 20 reçu endommagé', 'Martin-Patrick Leroy signale des dommages visibles sur le produit Produit 20 à la réception.', 'open');
INSERT INTO support_tickets (id, customer_id, ticket_date, subject, description, ticket_status) VALUES (64, 43, '2026-01-21', 'Erreur de quantité sur la commande #9', 'Le colis reçu ne contient pas la quantité attendue pour la commande #9.', 'open');
INSERT INTO support_tickets (id, customer_id, ticket_date, subject, description, ticket_status) VALUES (65, 35, '2026-03-28', 'Adresse de livraison à corriger pour la commande #62', 'Le client souhaite mettre à jour l''adresse de livraison avant l''expédition de la commande #62.', 'open');
INSERT INTO support_tickets (id, customer_id, ticket_date, subject, description, ticket_status) VALUES (66, 60, '2026-03-09', 'Problème de paiement sur la commande #115', 'Martin Étienne indique que le paiement par carte a été refusé pour la commande #115.', 'open');
INSERT INTO support_tickets (id, customer_id, ticket_date, subject, description, ticket_status) VALUES (67, 86, '2026-01-30', 'Code promo non reconnu lors du paiement', 'Le code promotionnel saisi ne s''applique pas au panier actuel du client.', 'in_progress');
INSERT INTO support_tickets (id, customer_id, ticket_date, subject, description, ticket_status) VALUES (68, 56, '2026-03-23', 'Problème de paiement sur la commande #194', 'Thierry Brunet indique que le paiement par carte a été refusé pour la commande #194.', 'resolved');
INSERT INTO support_tickets (id, customer_id, ticket_date, subject, description, ticket_status) VALUES (69, 18, '2026-02-28', 'Erreur de paiement via Apple Pay', 'Une erreur est survenue lors du paiement par Apple Pay, entraînant l''annulation de la commande.', 'resolved');
INSERT INTO support_tickets (id, customer_id, ticket_date, subject, description, ticket_status) VALUES (70, 14, '2026-01-15', 'Retour produit Produit 39 en attente', 'Le client a expédié le retour du produit Produit 39 et attend la confirmation de réception.', 'in_progress');
INSERT INTO support_tickets (id, customer_id, ticket_date, subject, description, ticket_status) VALUES (71, 40, '2026-04-02', 'Produit Produit 39 reçu endommagé', 'Philippine Muller signale des dommages visibles sur le produit Produit 39 à la réception.', 'in_progress');
INSERT INTO support_tickets (id, customer_id, ticket_date, subject, description, ticket_status) VALUES (72, 4, '2026-01-28', 'Erreur de quantité sur la commande #161', 'Le colis reçu ne contient pas la quantité attendue pour la commande #161.', 'closed');
INSERT INTO support_tickets (id, customer_id, ticket_date, subject, description, ticket_status) VALUES (73, 61, '2025-12-30', 'Erreur de quantité sur la commande #13', 'Le colis reçu ne contient pas la quantité attendue pour la commande #13.', 'resolved');
INSERT INTO support_tickets (id, customer_id, ticket_date, subject, description, ticket_status) VALUES (74, 22, '2026-03-21', 'Erreur de quantité sur la commande #179', 'Le colis reçu ne contient pas la quantité attendue pour la commande #179.', 'resolved');
INSERT INTO support_tickets (id, customer_id, ticket_date, subject, description, ticket_status) VALUES (75, 56, '2026-02-08', 'Demande d''information sur le remboursement de la commande #97', 'Le client souhaite connaître la date prévue de remboursement pour la commande #97.', 'in_progress');
INSERT INTO support_tickets (id, customer_id, ticket_date, subject, description, ticket_status) VALUES (76, 2, '2025-12-27', 'Retour produit Produit 39 en attente', 'Le client a expédié le retour du produit Produit 39 et attend la confirmation de réception.', 'closed');
INSERT INTO support_tickets (id, customer_id, ticket_date, subject, description, ticket_status) VALUES (77, 13, '2026-02-15', 'Erreur de quantité sur la commande #15', 'Le colis reçu ne contient pas la quantité attendue pour la commande #15.', 'in_progress');
INSERT INTO support_tickets (id, customer_id, ticket_date, subject, description, ticket_status) VALUES (78, 91, '2026-03-14', 'Produit Produit 32 reçu endommagé', 'Capucine Samson signale des dommages visibles sur le produit Produit 32 à la réception.', 'resolved');
INSERT INTO support_tickets (id, customer_id, ticket_date, subject, description, ticket_status) VALUES (79, 42, '2025-12-22', 'Assistance technique pour la connexion au compte', 'Le client ne parvient pas à se connecter à son espace personnel malgré plusieurs tentatives.', 'resolved');
INSERT INTO support_tickets (id, customer_id, ticket_date, subject, description, ticket_status) VALUES (80, 13, '2026-04-03', 'Code promo non reconnu lors du paiement', 'Le code promotionnel saisi ne s''applique pas au panier actuel du client.', 'resolved');
INSERT INTO support_tickets (id, customer_id, ticket_date, subject, description, ticket_status) VALUES (81, 56, '2026-01-22', 'Erreur de paiement via Apple Pay', 'Une erreur est survenue lors du paiement par Apple Pay, entraînant l''annulation de la commande.', 'open');
INSERT INTO support_tickets (id, customer_id, ticket_date, subject, description, ticket_status) VALUES (82, 14, '2026-01-07', 'Erreur de paiement via Apple Pay', 'Une erreur est survenue lors du paiement par Apple Pay, entraînant l''annulation de la commande.', 'in_progress');
INSERT INTO support_tickets (id, customer_id, ticket_date, subject, description, ticket_status) VALUES (83, 79, '2026-03-02', 'Impossible de suivre la livraison de la commande #123', 'Le lien de suivi ne fournit plus d''information pour la commande #123.', 'open');
INSERT INTO support_tickets (id, customer_id, ticket_date, subject, description, ticket_status) VALUES (84, 37, '2026-01-04', 'Adresse de livraison à corriger pour la commande #55', 'Le client souhaite mettre à jour l''adresse de livraison avant l''expédition de la commande #55.', 'closed');
INSERT INTO support_tickets (id, customer_id, ticket_date, subject, description, ticket_status) VALUES (85, 27, '2026-01-09', 'Erreur de paiement via Apple Pay', 'Une erreur est survenue lors du paiement par Apple Pay, entraînant l''annulation de la commande.', 'in_progress');
INSERT INTO support_tickets (id, customer_id, ticket_date, subject, description, ticket_status) VALUES (86, 47, '2026-02-27', 'Demande d''information sur le remboursement de la commande #102', 'Le client souhaite connaître la date prévue de remboursement pour la commande #102.', 'resolved');
INSERT INTO support_tickets (id, customer_id, ticket_date, subject, description, ticket_status) VALUES (87, 15, '2026-01-16', 'Demande d''information sur le remboursement de la commande #98', 'Le client souhaite connaître la date prévue de remboursement pour la commande #98.', 'resolved');
INSERT INTO support_tickets (id, customer_id, ticket_date, subject, description, ticket_status) VALUES (88, 100, '2026-02-03', 'Impossible de suivre la livraison de la commande #79', 'Le lien de suivi ne fournit plus d''information pour la commande #79.', 'closed');
INSERT INTO support_tickets (id, customer_id, ticket_date, subject, description, ticket_status) VALUES (89, 87, '2026-01-02', 'Assistance technique pour la connexion au compte', 'Le client ne parvient pas à se connecter à son espace personnel malgré plusieurs tentatives.', 'resolved');
INSERT INTO support_tickets (id, customer_id, ticket_date, subject, description, ticket_status) VALUES (90, 34, '2026-02-16', 'Impossible de suivre la livraison de la commande #53', 'Le lien de suivi ne fournit plus d''information pour la commande #53.', 'open');
INSERT INTO support_tickets (id, customer_id, ticket_date, subject, description, ticket_status) VALUES (91, 50, '2026-04-07', 'Retour produit Produit 29 en attente', 'Le client a expédié le retour du produit Produit 29 et attend la confirmation de réception.', 'resolved');
INSERT INTO support_tickets (id, customer_id, ticket_date, subject, description, ticket_status) VALUES (92, 31, '2026-01-07', 'Erreur de paiement via Apple Pay', 'Une erreur est survenue lors du paiement par Apple Pay, entraînant l''annulation de la commande.', 'closed');
INSERT INTO support_tickets (id, customer_id, ticket_date, subject, description, ticket_status) VALUES (93, 47, '2026-02-26', 'Code promo non reconnu lors du paiement', 'Le code promotionnel saisi ne s''applique pas au panier actuel du client.', 'in_progress');
INSERT INTO support_tickets (id, customer_id, ticket_date, subject, description, ticket_status) VALUES (94, 15, '2026-02-05', 'Code promo non reconnu lors du paiement', 'Le code promotionnel saisi ne s''applique pas au panier actuel du client.', 'resolved');
INSERT INTO support_tickets (id, customer_id, ticket_date, subject, description, ticket_status) VALUES (95, 7, '2026-01-07', 'Assistance technique pour la connexion au compte', 'Le client ne parvient pas à se connecter à son espace personnel malgré plusieurs tentatives.', 'closed');
INSERT INTO support_tickets (id, customer_id, ticket_date, subject, description, ticket_status) VALUES (96, 37, '2026-03-19', 'Impossible de suivre la livraison de la commande #118', 'Le lien de suivi ne fournit plus d''information pour la commande #118.', 'in_progress');
INSERT INTO support_tickets (id, customer_id, ticket_date, subject, description, ticket_status) VALUES (97, 76, '2026-03-17', 'Assistance technique pour la connexion au compte', 'Le client ne parvient pas à se connecter à son espace personnel malgré plusieurs tentatives.', 'open');
INSERT INTO support_tickets (id, customer_id, ticket_date, subject, description, ticket_status) VALUES (98, 93, '2025-12-10', 'Adresse de livraison à corriger pour la commande #135', 'Le client souhaite mettre à jour l''adresse de livraison avant l''expédition de la commande #135.', 'open');
INSERT INTO support_tickets (id, customer_id, ticket_date, subject, description, ticket_status) VALUES (99, 69, '2026-03-23', 'Erreur de quantité sur la commande #196', 'Le colis reçu ne contient pas la quantité attendue pour la commande #196.', 'in_progress');
INSERT INTO support_tickets (id, customer_id, ticket_date, subject, description, ticket_status) VALUES (100, 8, '2026-04-08', 'Retour produit Produit 91 en attente', 'Le client a expédié le retour du produit Produit 91 et attend la confirmation de réception.', 'in_progress');
INSERT INTO support_tickets (id, customer_id, ticket_date, subject, description, ticket_status) VALUES (101, 60, '2026-04-02', 'Impossible de suivre la livraison de la commande #130', 'Le lien de suivi ne fournit plus d''information pour la commande #130.', 'closed');
INSERT INTO support_tickets (id, customer_id, ticket_date, subject, description, ticket_status) VALUES (102, 11, '2026-04-09', 'Problème de paiement sur la commande #169', 'Zacharie Briand indique que le paiement par carte a été refusé pour la commande #169.', 'closed');
INSERT INTO support_tickets (id, customer_id, ticket_date, subject, description, ticket_status) VALUES (103, 44, '2026-01-07', 'Demande d''information sur le remboursement de la commande #4', 'Le client souhaite connaître la date prévue de remboursement pour la commande #4.', 'resolved');
INSERT INTO support_tickets (id, customer_id, ticket_date, subject, description, ticket_status) VALUES (104, 34, '2026-02-04', 'Problème de paiement sur la commande #138', 'Jules Fournier Le Lacroix indique que le paiement par carte a été refusé pour la commande #138.', 'closed');
INSERT INTO support_tickets (id, customer_id, ticket_date, subject, description, ticket_status) VALUES (105, 34, '2026-02-01', 'Adresse de livraison à corriger pour la commande #46', 'Le client souhaite mettre à jour l''adresse de livraison avant l''expédition de la commande #46.', 'in_progress');
INSERT INTO support_tickets (id, customer_id, ticket_date, subject, description, ticket_status) VALUES (106, 35, '2026-02-01', 'Erreur de paiement via Apple Pay', 'Une erreur est survenue lors du paiement par Apple Pay, entraînant l''annulation de la commande.', 'resolved');
INSERT INTO support_tickets (id, customer_id, ticket_date, subject, description, ticket_status) VALUES (107, 83, '2026-03-30', 'Erreur de quantité sur la commande #91', 'Le colis reçu ne contient pas la quantité attendue pour la commande #91.', 'resolved');
INSERT INTO support_tickets (id, customer_id, ticket_date, subject, description, ticket_status) VALUES (108, 41, '2026-03-09', 'Erreur de paiement via Apple Pay', 'Une erreur est survenue lors du paiement par Apple Pay, entraînant l''annulation de la commande.', 'in_progress');
INSERT INTO support_tickets (id, customer_id, ticket_date, subject, description, ticket_status) VALUES (109, 27, '2026-01-16', 'Adresse de livraison à corriger pour la commande #77', 'Le client souhaite mettre à jour l''adresse de livraison avant l''expédition de la commande #77.', 'open');
INSERT INTO support_tickets (id, customer_id, ticket_date, subject, description, ticket_status) VALUES (110, 13, '2026-02-20', 'Erreur de quantité sur la commande #24', 'Le colis reçu ne contient pas la quantité attendue pour la commande #24.', 'closed');
INSERT INTO support_tickets (id, customer_id, ticket_date, subject, description, ticket_status) VALUES (111, 13, '2026-01-10', 'Problème de paiement sur la commande #15', 'Gilles Charrier indique que le paiement par carte a été refusé pour la commande #15.', 'in_progress');
INSERT INTO support_tickets (id, customer_id, ticket_date, subject, description, ticket_status) VALUES (112, 36, '2026-01-17', 'Erreur de quantité sur la commande #22', 'Le colis reçu ne contient pas la quantité attendue pour la commande #22.', 'resolved');
INSERT INTO support_tickets (id, customer_id, ticket_date, subject, description, ticket_status) VALUES (113, 50, '2025-12-13', 'Demande d''information sur le remboursement de la commande #145', 'Le client souhaite connaître la date prévue de remboursement pour la commande #145.', 'open');
INSERT INTO support_tickets (id, customer_id, ticket_date, subject, description, ticket_status) VALUES (114, 39, '2026-02-08', 'Erreur de paiement via Apple Pay', 'Une erreur est survenue lors du paiement par Apple Pay, entraînant l''annulation de la commande.', 'resolved');
INSERT INTO support_tickets (id, customer_id, ticket_date, subject, description, ticket_status) VALUES (115, 93, '2025-12-15', 'Produit Produit 10 reçu endommagé', 'Isabelle Mahe signale des dommages visibles sur le produit Produit 10 à la réception.', 'open');
INSERT INTO support_tickets (id, customer_id, ticket_date, subject, description, ticket_status) VALUES (116, 34, '2026-03-14', 'Problème de paiement sur la commande #46', 'Jules Fournier Le Lacroix indique que le paiement par carte a été refusé pour la commande #46.', 'in_progress');
INSERT INTO support_tickets (id, customer_id, ticket_date, subject, description, ticket_status) VALUES (117, 82, '2025-12-12', 'Erreur de quantité sur la commande #193', 'Le colis reçu ne contient pas la quantité attendue pour la commande #193.', 'open');
INSERT INTO support_tickets (id, customer_id, ticket_date, subject, description, ticket_status) VALUES (118, 27, '2026-03-10', 'Erreur de paiement via Apple Pay', 'Une erreur est survenue lors du paiement par Apple Pay, entraînant l''annulation de la commande.', 'closed');
INSERT INTO support_tickets (id, customer_id, ticket_date, subject, description, ticket_status) VALUES (119, 26, '2026-02-19', 'Impossible de suivre la livraison de la commande #174', 'Le lien de suivi ne fournit plus d''information pour la commande #174.', 'in_progress');
INSERT INTO support_tickets (id, customer_id, ticket_date, subject, description, ticket_status) VALUES (120, 73, '2026-02-04', 'Adresse de livraison à corriger pour la commande #177', 'Le client souhaite mettre à jour l''adresse de livraison avant l''expédition de la commande #177.', 'resolved');
INSERT INTO support_tickets (id, customer_id, ticket_date, subject, description, ticket_status) VALUES (121, 53, '2026-03-11', 'Erreur de quantité sur la commande #14', 'Le colis reçu ne contient pas la quantité attendue pour la commande #14.', 'open');
INSERT INTO support_tickets (id, customer_id, ticket_date, subject, description, ticket_status) VALUES (122, 29, '2026-01-23', 'Erreur de paiement via Apple Pay', 'Une erreur est survenue lors du paiement par Apple Pay, entraînant l''annulation de la commande.', 'closed');
INSERT INTO support_tickets (id, customer_id, ticket_date, subject, description, ticket_status) VALUES (123, 36, '2026-01-18', 'Problème de paiement sur la commande #199', 'Alex Lelièvre indique que le paiement par carte a été refusé pour la commande #199.', 'resolved');
INSERT INTO support_tickets (id, customer_id, ticket_date, subject, description, ticket_status) VALUES (124, 87, '2026-02-23', 'Code promo non reconnu lors du paiement', 'Le code promotionnel saisi ne s''applique pas au panier actuel du client.', 'closed');
INSERT INTO support_tickets (id, customer_id, ticket_date, subject, description, ticket_status) VALUES (125, 73, '2026-01-15', 'Erreur de paiement via Apple Pay', 'Une erreur est survenue lors du paiement par Apple Pay, entraînant l''annulation de la commande.', 'closed');
INSERT INTO support_tickets (id, customer_id, ticket_date, subject, description, ticket_status) VALUES (126, 36, '2026-03-03', 'Erreur de paiement via Apple Pay', 'Une erreur est survenue lors du paiement par Apple Pay, entraînant l''annulation de la commande.', 'in_progress');
INSERT INTO support_tickets (id, customer_id, ticket_date, subject, description, ticket_status) VALUES (127, 87, '2026-03-06', 'Adresse de livraison à corriger pour la commande #183', 'Le client souhaite mettre à jour l''adresse de livraison avant l''expédition de la commande #183.', 'in_progress');
INSERT INTO support_tickets (id, customer_id, ticket_date, subject, description, ticket_status) VALUES (128, 15, '2026-01-05', 'Retour produit Produit 92 en attente', 'Le client a expédié le retour du produit Produit 92 et attend la confirmation de réception.', 'closed');
INSERT INTO support_tickets (id, customer_id, ticket_date, subject, description, ticket_status) VALUES (129, 4, '2026-03-29', 'Adresse de livraison à corriger pour la commande #82', 'Le client souhaite mettre à jour l''adresse de livraison avant l''expédition de la commande #82.', 'open');
INSERT INTO support_tickets (id, customer_id, ticket_date, subject, description, ticket_status) VALUES (130, 100, '2026-01-02', 'Impossible de suivre la livraison de la commande #79', 'Le lien de suivi ne fournit plus d''information pour la commande #79.', 'resolved');
INSERT INTO support_tickets (id, customer_id, ticket_date, subject, description, ticket_status) VALUES (131, 62, '2026-03-17', 'Adresse de livraison à corriger pour la commande #27', 'Le client souhaite mettre à jour l''adresse de livraison avant l''expédition de la commande #27.', 'closed');
INSERT INTO support_tickets (id, customer_id, ticket_date, subject, description, ticket_status) VALUES (132, 60, '2026-02-03', 'Demande d''information sur le remboursement de la commande #115', 'Le client souhaite connaître la date prévue de remboursement pour la commande #115.', 'closed');
INSERT INTO support_tickets (id, customer_id, ticket_date, subject, description, ticket_status) VALUES (133, 62, '2026-02-23', 'Adresse de livraison à corriger pour la commande #27', 'Le client souhaite mettre à jour l''adresse de livraison avant l''expédition de la commande #27.', 'open');
INSERT INTO support_tickets (id, customer_id, ticket_date, subject, description, ticket_status) VALUES (134, 39, '2025-12-20', 'Impossible de suivre la livraison de la commande #153', 'Le lien de suivi ne fournit plus d''information pour la commande #153.', 'closed');
INSERT INTO support_tickets (id, customer_id, ticket_date, subject, description, ticket_status) VALUES (135, 44, '2026-02-19', 'Erreur de quantité sur la commande #4', 'Le colis reçu ne contient pas la quantité attendue pour la commande #4.', 'open');
INSERT INTO support_tickets (id, customer_id, ticket_date, subject, description, ticket_status) VALUES (136, 14, '2026-01-26', 'Code promo non reconnu lors du paiement', 'Le code promotionnel saisi ne s''applique pas au panier actuel du client.', 'in_progress');
INSERT INTO support_tickets (id, customer_id, ticket_date, subject, description, ticket_status) VALUES (137, 61, '2026-03-23', 'Retour produit Produit 49 en attente', 'Le client a expédié le retour du produit Produit 49 et attend la confirmation de réception.', 'resolved');
INSERT INTO support_tickets (id, customer_id, ticket_date, subject, description, ticket_status) VALUES (138, 86, '2026-03-22', 'Assistance technique pour la connexion au compte', 'Le client ne parvient pas à se connecter à son espace personnel malgré plusieurs tentatives.', 'open');
INSERT INTO support_tickets (id, customer_id, ticket_date, subject, description, ticket_status) VALUES (139, 6, '2026-02-15', 'Produit Produit 56 reçu endommagé', 'Gabriel Roussel signale des dommages visibles sur le produit Produit 56 à la réception.', 'resolved');
INSERT INTO support_tickets (id, customer_id, ticket_date, subject, description, ticket_status) VALUES (140, 54, '2026-03-08', 'Impossible de suivre la livraison de la commande #124', 'Le lien de suivi ne fournit plus d''information pour la commande #124.', 'in_progress');
INSERT INTO support_tickets (id, customer_id, ticket_date, subject, description, ticket_status) VALUES (141, 76, '2026-01-23', 'Assistance technique pour la connexion au compte', 'Le client ne parvient pas à se connecter à son espace personnel malgré plusieurs tentatives.', 'in_progress');
INSERT INTO support_tickets (id, customer_id, ticket_date, subject, description, ticket_status) VALUES (142, 37, '2026-03-02', 'Retour produit Produit 14 en attente', 'Le client a expédié le retour du produit Produit 14 et attend la confirmation de réception.', 'open');
INSERT INTO support_tickets (id, customer_id, ticket_date, subject, description, ticket_status) VALUES (143, 47, '2026-02-20', 'Erreur de paiement via Apple Pay', 'Une erreur est survenue lors du paiement par Apple Pay, entraînant l''annulation de la commande.', 'resolved');
INSERT INTO support_tickets (id, customer_id, ticket_date, subject, description, ticket_status) VALUES (144, 37, '2025-12-26', 'Erreur de quantité sur la commande #113', 'Le colis reçu ne contient pas la quantité attendue pour la commande #113.', 'in_progress');
INSERT INTO support_tickets (id, customer_id, ticket_date, subject, description, ticket_status) VALUES (145, 27, '2026-01-11', 'Erreur de paiement via Apple Pay', 'Une erreur est survenue lors du paiement par Apple Pay, entraînant l''annulation de la commande.', 'in_progress');
INSERT INTO support_tickets (id, customer_id, ticket_date, subject, description, ticket_status) VALUES (146, 79, '2026-02-18', 'Retour produit Produit 41 en attente', 'Le client a expédié le retour du produit Produit 41 et attend la confirmation de réception.', 'resolved');
INSERT INTO support_tickets (id, customer_id, ticket_date, subject, description, ticket_status) VALUES (147, 17, '2026-01-26', 'Assistance technique pour la connexion au compte', 'Le client ne parvient pas à se connecter à son espace personnel malgré plusieurs tentatives.', 'in_progress');
INSERT INTO support_tickets (id, customer_id, ticket_date, subject, description, ticket_status) VALUES (148, 35, '2025-12-26', 'Produit Produit 49 reçu endommagé', 'Emmanuel Pasquier signale des dommages visibles sur le produit Produit 49 à la réception.', 'closed');
INSERT INTO support_tickets (id, customer_id, ticket_date, subject, description, ticket_status) VALUES (149, 23, '2026-03-15', 'Erreur de paiement via Apple Pay', 'Une erreur est survenue lors du paiement par Apple Pay, entraînant l''annulation de la commande.', 'in_progress');
INSERT INTO support_tickets (id, customer_id, ticket_date, subject, description, ticket_status) VALUES (150, 20, '2026-04-06', 'Demande d''information sur le remboursement de la commande #175', 'Le client souhaite connaître la date prévue de remboursement pour la commande #175.', 'closed');
INSERT INTO promotions (id, promo_code, product_id, description, start_date, end_date, discount_percent) VALUES (1, 'PROMO001', 1, 'Nez l''une quand aussitôt beau droite sauter terme.', '2026-02-08', '2026-03-03', 20.35);
INSERT INTO promotions (id, promo_code, product_id, description, start_date, end_date, discount_percent) VALUES (2, 'PROMO002', 2, 'Étouffer rose début vent il français absolument complet.', '2026-03-22', '2026-04-05', 33.66);
INSERT INTO promotions (id, promo_code, product_id, description, start_date, end_date, discount_percent) VALUES (3, 'PROMO003', 3, 'Briller autre écouter trop révéler vague sorte rôle moyen.', '2026-02-18', '2026-03-26', 28.55);
INSERT INTO promotions (id, promo_code, product_id, description, start_date, end_date, discount_percent) VALUES (4, 'PROMO004', 4, 'Vers moindre regretter rassurer vendre importance imposer ni allumer.', '2026-04-01', '2026-04-30', 13.47);
INSERT INTO promotions (id, promo_code, product_id, description, start_date, end_date, discount_percent) VALUES (5, 'PROMO005', 5, 'Devoir fil résistance dans préférer.', '2026-02-26', '2026-03-17', 30.03);
INSERT INTO promotions (id, promo_code, product_id, description, start_date, end_date, discount_percent) VALUES (6, 'PROMO006', 6, 'Fusil étudier mari précis diriger durant fort quoi.', '2026-02-18', '2026-03-24', 7.59);
INSERT INTO promotions (id, promo_code, product_id, description, start_date, end_date, discount_percent) VALUES (7, 'PROMO007', 7, 'Avant tout jambe étudier sujet divers trop poitrine.', '2026-03-02', '2026-04-11', 25.38);
INSERT INTO promotions (id, promo_code, product_id, description, start_date, end_date, discount_percent) VALUES (8, 'PROMO008', 8, 'Leur couler pur sommet coûter courage.', '2026-03-06', '2026-04-17', 37.32);
INSERT INTO promotions (id, promo_code, product_id, description, start_date, end_date, discount_percent) VALUES (9, 'PROMO009', 9, 'Second exécuter rencontrer cas avec vague larme.', '2026-02-13', '2026-03-21', 24.03);
INSERT INTO promotions (id, promo_code, product_id, description, start_date, end_date, discount_percent) VALUES (10, 'PROMO010', 10, 'Réduire me appeler joie.', '2026-02-18', '2026-03-23', 29.56);
INSERT INTO promotions (id, promo_code, product_id, description, start_date, end_date, discount_percent) VALUES (11, 'PROMO011', 11, 'Enfoncer surprendre soulever mouvement dormir confondre réduire longtemps former raconter cependant.', '2026-02-17', '2026-04-02', 25.78);
INSERT INTO promotions (id, promo_code, product_id, description, start_date, end_date, discount_percent) VALUES (12, 'PROMO012', 12, 'Retrouver je mauvais lien fond port complet village pouvoir importer.', '2026-02-10', '2026-02-25', 8.83);
INSERT INTO promotions (id, promo_code, product_id, description, start_date, end_date, discount_percent) VALUES (13, 'PROMO013', 13, 'Acte cri naturel entrer.', '2026-03-25', '2026-04-26', 10.82);
INSERT INTO promotions (id, promo_code, product_id, description, start_date, end_date, discount_percent) VALUES (14, 'PROMO014', 14, 'Six considérer direction divers valoir été connaissance goutte genre ramener façon.', '2026-03-01', '2026-03-13', 24.71);
INSERT INTO promotions (id, promo_code, product_id, description, start_date, end_date, discount_percent) VALUES (15, 'PROMO015', 15, 'Douter condamner certainement moyen découvrir bois dix demain.', '2026-02-27', '2026-04-03', 38.84);
INSERT INTO promotions (id, promo_code, product_id, description, start_date, end_date, discount_percent) VALUES (16, 'PROMO016', 16, 'Sien côte réunir quarante interrompre accuser glisser chacun suivant.', '2026-03-19', '2026-04-25', 8.71);
INSERT INTO promotions (id, promo_code, product_id, description, start_date, end_date, discount_percent) VALUES (17, 'PROMO017', 17, 'L''Un prochain reposer eh mode monsieur fort posséder attaquer roman jambe.', '2026-04-03', '2026-04-29', 12.77);
INSERT INTO promotions (id, promo_code, product_id, description, start_date, end_date, discount_percent) VALUES (18, 'PROMO018', 18, 'Billet quelqu''un différent expliquer million robe étendre fumer être poète oeil.', '2026-02-21', '2026-04-05', 24.53);
INSERT INTO promotions (id, promo_code, product_id, description, start_date, end_date, discount_percent) VALUES (19, 'PROMO019', 19, 'Moyen pencher complet renoncer examiner plein journée qualité subir figure.', '2026-02-24', '2026-03-20', 20.6);
INSERT INTO promotions (id, promo_code, product_id, description, start_date, end_date, discount_percent) VALUES (20, 'PROMO020', 20, 'Inquiéter vague soldat passé tour glisser or.', '2026-03-15', '2026-04-23', 32.03);